Company Name,Date,Close Price
Microsoft (MSFT),2018-01-31,87.38
Microsoft (MSFT),2018-02-28,86.65
Microsoft (MSFT),2018-03-31,84.34
Microsoft (MSFT),2018-04-30,86.42
Microsoft (MSFT),2018-05-31,91.73
Microsoft (MSFT),2018-06-30,91.52
Microsoft (MSFT),2018-07-31,98.45
Microsoft (MSFT),2018-08-31,104.65
Microsoft (MSFT),2018-09-30,106.55
Microsoft (MSFT),2018-10-31,99.51
Microsoft (MSFT),2018-11-30,103.75
Microsoft (MSFT),2018-12-31,95.03
Microsoft (MSFT),2019-01-31,97.71
Microsoft (MSFT),2019-02-28,105.27
Microsoft (MSFT),2019-03-31,110.82
Microsoft (MSFT),2019-04-30,122.72
Microsoft (MSFT),2019-05-31,116.65
Microsoft (MSFT),2019-06-30,126.34
Microsoft (MSFT),2019-07-31,128.52
Microsoft (MSFT),2019-08-31,130.45
Microsoft (MSFT),2019-09-30,131.56
Microsoft (MSFT),2019-10-31,135.67
Microsoft (MSFT),2019-11-30,143.73
Microsoft (MSFT),2019-12-31,149.73
Microsoft (MSFT),2020-01-31,161.63
Microsoft (MSFT),2020-02-29,154.25
Microsoft (MSFT),2020-03-31,150.15
Microsoft (MSFT),2020-04-30,170.62
Microsoft (MSFT),2020-05-31,174.95
Microsoft (MSFT),2020-06-30,194.3
Microsoft (MSFT),2020-07-31,195.73
Microsoft (MSFT),2020-08-31,215.84
Microsoft (MSFT),2020-09-30,201.29
Microsoft (MSFT),2020-10-31,193.77
Microsoft (MSFT),2020-11-30,205.41
Microsoft (MSFT),2020-12-31,213.42
Microsoft (MSFT),2021-01-31,222.57
Microsoft (MSFT),2021-02-28,223.49
Microsoft (MSFT),2021-03-31,226.75
Microsoft (MSFT),2021-04-30,242.53
Microsoft (MSFT),2021-05-31,240.68
Microsoft (MSFT),2021-06-30,261.14
Microsoft (MSFT),2021-07-31,274.64
Microsoft (MSFT),2021-08-31,291.56
Microsoft (MSFT),2021-09-30,272.28
Microsoft (MSFT),2021-10-31,320.28
Microsoft (MSFT),2021-11-30,319.87
Microsoft (MSFT),2021-12-31,325.42
Microsoft (MSFT),2022-01-31,300.9
Microsoft (MSFT),2022-02-28,289.7
Microsoft (MSFT),2022-03-31,298.93
Microsoft (MSFT),2022-04-30,269.08
Microsoft (MSFT),2022-05-31,264.21
Microsoft (MSFT),2022-06-30,249.6
Microsoft (MSFT),2022-07-31,272.83
Microsoft (MSFT),2022-08-31,254.65
Microsoft (MSFT),2022-09-30,226.82
Microsoft (MSFT),2022-10-31,226.07
Microsoft (MSFT),2022-11-30,249.18
Microsoft (MSFT),2022-12-31,234.22
Microsoft (MSFT),2023-01-31,242.02
Microsoft (MSFT),2023-02-28,244.21
Microsoft (MSFT),2023-03-31,282.27
Microsoft (MSFT),2023-04-30,300.84
Microsoft (MSFT),2023-05-31,322.23
Microsoft (MSFT),2023-06-30,334.15
Microsoft (MSFT),2023-07-31,329.62
Microsoft (MSFT),2023-08-31,322.29
Microsoft (MSFT),2023-09-30,310.48
Microsoft (MSFT),2023-10-31,332.47
Microsoft (MSFT),2023-11-30,373.34
Microsoft (MSFT),2023-12-31,370.52
Microsoft (MSFT),2024-01-31,391.74
Microsoft (MSFT),2024-02-29,408.32
Microsoft (MSFT),2024-03-31,415.31
Microsoft (MSFT),2024-04-30,384.32
Microsoft (MSFT),2024-05-31,410.53
Microsoft (MSFT),2024-06-30,441.99
Microsoft (MSFT),2024-07-31,413.71
Microsoft (MSFT),2024-08-31,413.26
Microsoft (MSFT),2024-09-30,426.3
Microsoft (MSFT),2024-10-31,402.57
Microsoft (MSFT),2024-11-30,420.36
Microsoft (MSFT),2024-12-31,421.72
Apple (AAPL),2018-01-31,39.21
Apple (AAPL),2018-02-28,41.88
Apple (AAPL),2018-03-31,39.45
Apple (AAPL),2018-04-30,38.86
Apple (AAPL),2018-05-31,44.11
Apple (AAPL),2018-06-30,43.7
Apple (AAPL),2018-07-31,44.92
Apple (AAPL),2018-08-31,53.92
Apple (AAPL),2018-09-30,53.47
Apple (AAPL),2018-10-31,51.84
Apple (AAPL),2018-11-30,42.45
Apple (AAPL),2018-12-31,37.5
Apple (AAPL),2019-01-31,39.56
Apple (AAPL),2019-02-28,41.34
Apple (AAPL),2019-03-31,45.35
Apple (AAPL),2019-04-30,47.91
Apple (AAPL),2019-05-31,41.95
Apple (AAPL),2019-06-30,47.43
Apple (AAPL),2019-07-31,51.05
Apple (AAPL),2019-08-31,50.21
Apple (AAPL),2019-09-30,53.88
Apple (AAPL),2019-10-31,59.84
Apple (AAPL),2019-11-30,64.48
Apple (AAPL),2019-12-31,70.85
Apple (AAPL),2020-01-31,74.68
Apple (AAPL),2020-02-29,66.11
Apple (AAPL),2020-03-31,61.5
Apple (AAPL),2020-04-30,71.06
Apple (AAPL),2020-05-31,77.1
Apple (AAPL),2020-06-30,88.47
Apple (AAPL),2020-07-31,103.08
Apple (AAPL),2020-08-31,125.4
Apple (AAPL),2020-09-30,112.54
Apple (AAPL),2020-10-31,105.79
Apple (AAPL),2020-11-30,115.89
Apple (AAPL),2020-12-31,129.17
Apple (AAPL),2021-01-31,128.46
Apple (AAPL),2021-02-28,118.22
Apple (AAPL),2021-03-31,119.08
Apple (AAPL),2021-04-30,128.16
Apple (AAPL),2021-05-31,121.69
Apple (AAPL),2021-06-30,133.75
Apple (AAPL),2021-07-31,142.44
Apple (AAPL),2021-08-31,148.49
Apple (AAPL),2021-09-30,138.39
Apple (AAPL),2021-10-31,146.51
Apple (AAPL),2021-11-30,161.9
Apple (AAPL),2021-12-31,173.92
Apple (AAPL),2022-01-31,171.19
Apple (AAPL),2022-02-28,161.93
Apple (AAPL),2022-03-31,171.24
Apple (AAPL),2022-04-30,154.61
Apple (AAPL),2022-05-31,146.18
Apple (AAPL),2022-06-30,134.28
Apple (AAPL),2022-07-31,159.61
Apple (AAPL),2022-08-31,154.63
Apple (AAPL),2022-09-30,135.92
Apple (AAPL),2022-10-31,150.81
Apple (AAPL),2022-11-30,145.83
Apple (AAPL),2022-12-31,128.0
Apple (AAPL),2023-01-31,142.15
Apple (AAPL),2023-02-28,145.44
Apple (AAPL),2023-03-31,162.7
Apple (AAPL),2023-04-30,167.41
Apple (AAPL),2023-05-31,175.12
Apple (AAPL),2023-06-30,191.64
Apple (AAPL),2023-07-31,194.09
Apple (AAPL),2023-08-31,185.87
Apple (AAPL),2023-09-30,169.39
Apple (AAPL),2023-10-31,168.95
Apple (AAPL),2023-11-30,188.17
Apple (AAPL),2023-12-31,190.73
Apple (AAPL),2024-01-31,182.67
Apple (AAPL),2024-02-29,179.29
Apple (AAPL),2024-03-31,170.09
Apple (AAPL),2024-04-30,168.95
Apple (AAPL),2024-05-31,190.95
Apple (AAPL),2024-06-30,209.2
Apple (AAPL),2024-07-31,220.58
Apple (AAPL),2024-08-31,227.72
Apple (AAPL),2024-09-30,231.7
Apple (AAPL),2024-10-31,224.65
Apple (AAPL),2024-11-30,236.26
Apple (AAPL),2024-12-31,251.06
Alphabet/Google (GOOGL),2018-01-31,58.71
Alphabet/Google (GOOGL),2018-02-28,54.82
Alphabet/Google (GOOGL),2018-03-31,51.5
Alphabet/Google (GOOGL),2018-04-30,50.58
Alphabet/Google (GOOGL),2018-05-31,54.62
Alphabet/Google (GOOGL),2018-06-30,56.07
Alphabet/Google (GOOGL),2018-07-31,60.94
Alphabet/Google (GOOGL),2018-08-31,61.17
Alphabet/Google (GOOGL),2018-09-30,59.94
Alphabet/Google (GOOGL),2018-10-31,54.16
Alphabet/Google (GOOGL),2018-11-30,55.1
Alphabet/Google (GOOGL),2018-12-31,51.89
Alphabet/Google (GOOGL),2019-01-31,55.91
Alphabet/Google (GOOGL),2019-02-28,55.94
Alphabet/Google (GOOGL),2019-03-31,58.44
Alphabet/Google (GOOGL),2019-04-30,59.54
Alphabet/Google (GOOGL),2019-05-31,54.95
Alphabet/Google (GOOGL),2019-06-30,53.77
Alphabet/Google (GOOGL),2019-07-31,60.49
Alphabet/Google (GOOGL),2019-08-31,59.12
Alphabet/Google (GOOGL),2019-09-30,60.64
Alphabet/Google (GOOGL),2019-10-31,62.51
Alphabet/Google (GOOGL),2019-11-30,64.76
Alphabet/Google (GOOGL),2019-12-31,66.51
Alphabet/Google (GOOGL),2020-01-31,71.15
Alphabet/Google (GOOGL),2020-02-29,66.5
Alphabet/Google (GOOGL),2020-03-31,57.7
Alphabet/Google (GOOGL),2020-04-30,66.87
Alphabet/Google (GOOGL),2020-05-31,71.19
Alphabet/Google (GOOGL),2020-06-30,70.42
Alphabet/Google (GOOGL),2020-07-31,73.89
Alphabet/Google (GOOGL),2020-08-31,80.92
Alphabet/Google (GOOGL),2020-09-30,72.78
Alphabet/Google (GOOGL),2020-10-31,80.25
Alphabet/Google (GOOGL),2020-11-30,87.12
Alphabet/Google (GOOGL),2020-12-31,87.03
Alphabet/Google (GOOGL),2021-01-31,90.74
Alphabet/Google (GOOGL),2021-02-28,100.4
Alphabet/Google (GOOGL),2021-03-31,102.42
Alphabet/Google (GOOGL),2021-04-30,116.87
Alphabet/Google (GOOGL),2021-05-31,117.04
Alphabet/Google (GOOGL),2021-06-30,121.25
Alphabet/Google (GOOGL),2021-07-31,133.8
Alphabet/Google (GOOGL),2021-08-31,143.71
Alphabet/Google (GOOGL),2021-09-30,132.76
Alphabet/Google (GOOGL),2021-10-31,147.03
Alphabet/Google (GOOGL),2021-11-30,140.93
Alphabet/Google (GOOGL),2021-12-31,143.86
Alphabet/Google (GOOGL),2022-01-31,134.38
Alphabet/Google (GOOGL),2022-02-28,134.13
Alphabet/Google (GOOGL),2022-03-31,138.11
Alphabet/Google (GOOGL),2022-04-30,113.33
Alphabet/Google (GOOGL),2022-05-31,112.98
Alphabet/Google (GOOGL),2022-06-30,108.22
Alphabet/Google (GOOGL),2022-07-31,115.52
Alphabet/Google (GOOGL),2022-08-31,107.48
Alphabet/Google (GOOGL),2022-09-30,94.99
Alphabet/Google (GOOGL),2022-10-31,93.86
Alphabet/Google (GOOGL),2022-11-30,100.3
Alphabet/Google (GOOGL),2022-12-31,87.63
Alphabet/Google (GOOGL),2023-01-31,98.16
Alphabet/Google (GOOGL),2023-02-28,89.44
Alphabet/Google (GOOGL),2023-03-31,103.02
Alphabet/Google (GOOGL),2023-04-30,106.6
Alphabet/Google (GOOGL),2023-05-31,122.03
Alphabet/Google (GOOGL),2023-06-30,118.88
Alphabet/Google (GOOGL),2023-07-31,131.81
Alphabet/Google (GOOGL),2023-08-31,135.24
Alphabet/Google (GOOGL),2023-09-30,129.96
Alphabet/Google (GOOGL),2023-10-31,123.23
Alphabet/Google (GOOGL),2023-11-30,131.62
Alphabet/Google (GOOGL),2023-12-31,138.73
Alphabet/Google (GOOGL),2024-01-31,139.14
Alphabet/Google (GOOGL),2024-02-29,137.51
Alphabet/Google (GOOGL),2024-03-31,149.9
Alphabet/Google (GOOGL),2024-04-30,161.66
Alphabet/Google (GOOGL),2024-05-31,171.32
Alphabet/Google (GOOGL),2024-06-30,181.11
Alphabet/Google (GOOGL),2024-07-31,170.56
Alphabet/Google (GOOGL),2024-08-31,162.45
Alphabet/Google (GOOGL),2024-09-30,165.12
Alphabet/Google (GOOGL),2024-10-31,170.36
Alphabet/Google (GOOGL),2024-11-30,168.21
Alphabet/Google (GOOGL),2024-12-31,190.62
Amazon (AMZN),2018-01-31,72.54
Amazon (AMZN),2018-02-28,75.62
Amazon (AMZN),2018-03-31,72.37
Amazon (AMZN),2018-04-30,78.31
Amazon (AMZN),2018-05-31,81.48
Amazon (AMZN),2018-06-30,84.99
Amazon (AMZN),2018-07-31,88.87
Amazon (AMZN),2018-08-31,100.64
Amazon (AMZN),2018-09-30,100.15
Amazon (AMZN),2018-10-31,79.9
Amazon (AMZN),2018-11-30,84.51
Amazon (AMZN),2018-12-31,75.1
Amazon (AMZN),2019-01-31,85.94
Amazon (AMZN),2019-02-28,81.99
Amazon (AMZN),2019-03-31,89.04
Amazon (AMZN),2019-04-30,96.33
Amazon (AMZN),2019-05-31,88.75
Amazon (AMZN),2019-06-30,94.68
Amazon (AMZN),2019-07-31,93.34
Amazon (AMZN),2019-08-31,88.81
Amazon (AMZN),2019-09-30,86.8
Amazon (AMZN),2019-10-31,88.83
Amazon (AMZN),2019-11-30,90.04
Amazon (AMZN),2019-12-31,92.39
Amazon (AMZN),2020-01-31,100.44
Amazon (AMZN),2020-02-29,94.19
Amazon (AMZN),2020-03-31,97.49
Amazon (AMZN),2020-04-30,123.7
Amazon (AMZN),2020-05-31,122.12
Amazon (AMZN),2020-06-30,137.94
Amazon (AMZN),2020-07-31,158.23
Amazon (AMZN),2020-08-31,172.55
Amazon (AMZN),2020-09-30,157.44
Amazon (AMZN),2020-10-31,151.81
Amazon (AMZN),2020-11-30,158.4
Amazon (AMZN),2020-12-31,162.85
Amazon (AMZN),2021-01-31,160.31
Amazon (AMZN),2021-02-28,154.65
Amazon (AMZN),2021-03-31,154.7
Amazon (AMZN),2021-04-30,173.37
Amazon (AMZN),2021-05-31,161.15
Amazon (AMZN),2021-06-30,172.01
Amazon (AMZN),2021-07-31,166.38
Amazon (AMZN),2021-08-31,173.54
Amazon (AMZN),2021-09-30,164.25
Amazon (AMZN),2021-10-31,168.62
Amazon (AMZN),2021-11-30,175.35
Amazon (AMZN),2021-12-31,166.72
Amazon (AMZN),2022-01-31,149.57
Amazon (AMZN),2022-02-28,153.56
Amazon (AMZN),2022-03-31,163.0
Amazon (AMZN),2022-04-30,124.28
Amazon (AMZN),2022-05-31,120.21
Amazon (AMZN),2022-06-30,106.21
Amazon (AMZN),2022-07-31,134.95
Amazon (AMZN),2022-08-31,126.77
Amazon (AMZN),2022-09-30,113.0
Amazon (AMZN),2022-10-31,102.44
Amazon (AMZN),2022-11-30,96.54
Amazon (AMZN),2022-12-31,84.0
Amazon (AMZN),2023-01-31,103.13
Amazon (AMZN),2023-02-28,94.23
Amazon (AMZN),2023-03-31,103.29
Amazon (AMZN),2023-04-30,105.45
Amazon (AMZN),2023-05-31,120.58
Amazon (AMZN),2023-06-30,130.36
Amazon (AMZN),2023-07-31,133.68
Amazon (AMZN),2023-08-31,138.01
Amazon (AMZN),2023-09-30,127.12
Amazon (AMZN),2023-10-31,133.09
Amazon (AMZN),2023-11-30,146.09
Amazon (AMZN),2023-12-31,151.94
Amazon (AMZN),2024-01-31,155.2
Amazon (AMZN),2024-02-29,176.76
Amazon (AMZN),2024-03-31,180.38
Amazon (AMZN),2024-04-30,175.0
Amazon (AMZN),2024-05-31,176.44
Amazon (AMZN),2024-06-30,193.25
Amazon (AMZN),2024-07-31,186.98
Amazon (AMZN),2024-08-31,178.5
Amazon (AMZN),2024-09-30,186.33
Amazon (AMZN),2024-10-31,186.4
Amazon (AMZN),2024-11-30,207.89
Amazon (AMZN),2024-12-31,221.3
Meta Platforms (META),2018-01-31,185.74
Meta Platforms (META),2018-02-28,177.23
Meta Platforms (META),2018-03-31,158.81
Meta Platforms (META),2018-04-30,170.95
Meta Platforms (META),2018-05-31,190.6
Meta Platforms (META),2018-06-30,193.13
Meta Platforms (META),2018-07-31,171.52
Meta Platforms (META),2018-08-31,174.65
Meta Platforms (META),2018-09-30,163.45
Meta Platforms (META),2018-10-31,150.86
Meta Platforms (META),2018-11-30,139.75
Meta Platforms (META),2018-12-31,130.29
Meta Platforms (META),2019-01-31,165.67
Meta Platforms (META),2019-02-28,160.46
Meta Platforms (META),2019-03-31,165.67
Meta Platforms (META),2019-04-30,192.22
Meta Platforms (META),2019-05-31,176.38
Meta Platforms (META),2019-06-30,191.82
Meta Platforms (META),2019-07-31,193.04
Meta Platforms (META),2019-08-31,184.53
Meta Platforms (META),2019-09-30,176.99
Meta Platforms (META),2019-10-31,190.48
Meta Platforms (META),2019-11-30,200.4
Meta Platforms (META),2019-12-31,203.99
Meta Platforms (META),2020-01-31,200.67
Meta Platforms (META),2020-02-29,191.29
Meta Platforms (META),2020-03-31,165.78
Meta Platforms (META),2020-04-30,203.46
Meta Platforms (META),2020-05-31,223.71
Meta Platforms (META),2020-06-30,225.68
Meta Platforms (META),2020-07-31,252.12
Meta Platforms (META),2020-08-31,291.4
Meta Platforms (META),2020-09-30,260.3
Meta Platforms (META),2020-10-31,261.5
Meta Platforms (META),2020-11-30,275.27
Meta Platforms (META),2020-12-31,271.49
Meta Platforms (META),2021-01-31,256.75
Meta Platforms (META),2021-02-28,256.04
Meta Platforms (META),2021-03-31,292.73
Meta Platforms (META),2021-04-30,323.09
Meta Platforms (META),2021-05-31,326.72
Meta Platforms (META),2021-06-30,345.58
Meta Platforms (META),2021-07-31,354.12
Meta Platforms (META),2021-08-31,377.06
Meta Platforms (META),2021-09-30,337.31
Meta Platforms (META),2021-10-31,321.59
Meta Platforms (META),2021-11-30,322.47
Meta Platforms (META),2021-12-31,334.29
Meta Platforms (META),2022-01-31,311.34
Meta Platforms (META),2022-02-28,209.74
Meta Platforms (META),2022-03-31,221.0
Meta Platforms (META),2022-04-30,199.24
Meta Platforms (META),2022-05-31,192.45
Meta Platforms (META),2022-06-30,160.26
Meta Platforms (META),2022-07-31,158.13
Meta Platforms (META),2022-08-31,161.93
Meta Platforms (META),2022-09-30,134.85
Meta Platforms (META),2022-10-31,92.59
Meta Platforms (META),2022-11-30,117.38
Meta Platforms (META),2022-12-31,119.6
Meta Platforms (META),2023-01-31,148.06
Meta Platforms (META),2023-02-28,173.87
Meta Platforms (META),2023-03-31,210.64
Meta Platforms (META),2023-04-30,238.85
Meta Platforms (META),2023-05-31,263.1
Meta Platforms (META),2023-06-30,285.22
Meta Platforms (META),2023-07-31,316.65
Meta Platforms (META),2023-08-31,294.08
Meta Platforms (META),2023-09-30,298.37
Meta Platforms (META),2023-10-31,299.42
Meta Platforms (META),2023-11-30,325.15
Meta Platforms (META),2023-12-31,351.79
Meta Platforms (META),2024-01-31,387.75
Meta Platforms (META),2024-02-29,487.64
Meta Platforms (META),2024-03-31,483.12
Meta Platforms (META),2024-04-30,427.99
Meta Platforms (META),2024-05-31,464.46
Meta Platforms (META),2024-06-30,502.16
Meta Platforms (META),2024-07-31,472.89
Meta Platforms (META),2024-08-31,519.18
Meta Platforms (META),2024-09-30,570.65
Meta Platforms (META),2024-10-31,565.8
Meta Platforms (META),2024-11-30,572.52
Meta Platforms (META),2024-12-31,589.86
Nvidia (NVDA),2018-01-31,6.08
Nvidia (NVDA),2018-02-28,5.99
Nvidia (NVDA),2018-03-31,5.73
Nvidia (NVDA),2018-04-30,5.56
Nvidia (NVDA),2018-05-31,6.24
Nvidia (NVDA),2018-06-30,5.86
Nvidia (NVDA),2018-07-31,6.06
Nvidia (NVDA),2018-08-31,6.95
Nvidia (NVDA),2018-09-30,6.96
Nvidia (NVDA),2018-10-31,5.22
Nvidia (NVDA),2018-11-30,4.05
Nvidia (NVDA),2018-12-31,3.31
Nvidia (NVDA),2019-01-31,3.56
Nvidia (NVDA),2019-02-28,3.83
Nvidia (NVDA),2019-03-31,4.46
Nvidia (NVDA),2019-04-30,4.49
Nvidia (NVDA),2019-05-31,3.37
Nvidia (NVDA),2019-06-30,4.08
Nvidia (NVDA),2019-07-31,4.19
Nvidia (NVDA),2019-08-31,4.17
Nvidia (NVDA),2019-09-30,4.33
Nvidia (NVDA),2019-10-31,5.0
Nvidia (NVDA),2019-11-30,5.39
Nvidia (NVDA),2019-12-31,5.86
Nvidia (NVDA),2020-01-31,5.88
Nvidia (NVDA),2020-02-29,6.73
Nvidia (NVDA),2020-03-31,6.56
Nvidia (NVDA),2020-04-30,7.28
Nvidia (NVDA),2020-05-31,8.84
Nvidia (NVDA),2020-06-30,9.47
Nvidia (NVDA),2020-07-31,10.58
Nvidia (NVDA),2020-08-31,13.33
Nvidia (NVDA),2020-09-30,13.49
Nvidia (NVDA),2020-10-31,12.5
Nvidia (NVDA),2020-11-30,13.36
Nvidia (NVDA),2020-12-31,13.02
Nvidia (NVDA),2021-01-31,12.95
Nvidia (NVDA),2021-02-28,13.68
Nvidia (NVDA),2021-03-31,13.32
Nvidia (NVDA),2021-04-30,14.97
Nvidia (NVDA),2021-05-31,16.21
Nvidia (NVDA),2021-06-30,19.96
Nvidia (NVDA),2021-07-31,19.46
Nvidia (NVDA),2021-08-31,22.34
Nvidia (NVDA),2021-09-30,20.67
Nvidia (NVDA),2021-10-31,25.52
Nvidia (NVDA),2021-11-30,32.61
Nvidia (NVDA),2021-12-31,29.36
Nvidia (NVDA),2022-01-31,24.44
Nvidia (NVDA),2022-02-28,24.34
Nvidia (NVDA),2022-03-31,27.24
Nvidia (NVDA),2022-04-30,18.52
Nvidia (NVDA),2022-05-31,18.64
Nvidia (NVDA),2022-06-30,15.14
Nvidia (NVDA),2022-07-31,18.14
Nvidia (NVDA),2022-08-31,15.07
Nvidia (NVDA),2022-09-30,12.12
Nvidia (NVDA),2022-10-31,13.48
Nvidia (NVDA),2022-11-30,16.91
Nvidia (NVDA),2022-12-31,14.6
Nvidia (NVDA),2023-01-31,19.52
Nvidia (NVDA),2023-02-28,23.19
Nvidia (NVDA),2023-03-31,27.76
Nvidia (NVDA),2023-04-30,27.73
Nvidia (NVDA),2023-05-31,37.8
Nvidia (NVDA),2023-06-30,42.27
Nvidia (NVDA),2023-07-31,46.7
Nvidia (NVDA),2023-08-31,49.32
Nvidia (NVDA),2023-09-30,43.47
Nvidia (NVDA),2023-10-31,40.76
Nvidia (NVDA),2023-11-30,46.74
Nvidia (NVDA),2023-12-31,49.5
Nvidia (NVDA),2024-01-31,61.5
Nvidia (NVDA),2024-02-29,79.07
Nvidia (NVDA),2024-03-31,90.31
Nvidia (NVDA),2024-04-30,86.36
Nvidia (NVDA),2024-05-31,109.58
Nvidia (NVDA),2024-06-30,123.49
Nvidia (NVDA),2024-07-31,116.98
Nvidia (NVDA),2024-08-31,119.33
Nvidia (NVDA),2024-09-30,121.41
Nvidia (NVDA),2024-10-31,132.72
Nvidia (NVDA),2024-11-30,138.21
Nvidia (NVDA),2024-12-31,137.46
Tesla (TSLA),2018-01-31,23.62
Tesla (TSLA),2018-02-28,22.87
Tesla (TSLA),2018-03-31,17.74
Tesla (TSLA),2018-04-30,19.59
Tesla (TSLA),2018-05-31,18.98
Tesla (TSLA),2018-06-30,22.86
Tesla (TSLA),2018-07-31,19.88
Tesla (TSLA),2018-08-31,20.11
Tesla (TSLA),2018-09-30,17.65
Tesla (TSLA),2018-10-31,22.49
Tesla (TSLA),2018-11-30,23.37
Tesla (TSLA),2018-12-31,22.19
Tesla (TSLA),2019-01-31,20.47
Tesla (TSLA),2019-02-28,21.33
Tesla (TSLA),2019-03-31,18.66
Tesla (TSLA),2019-04-30,15.91
Tesla (TSLA),2019-05-31,12.34
Tesla (TSLA),2019-06-30,14.9
Tesla (TSLA),2019-07-31,16.11
Tesla (TSLA),2019-08-31,15.04
Tesla (TSLA),2019-09-30,16.06
Tesla (TSLA),2019-10-31,20.99
Tesla (TSLA),2019-11-30,22.0
Tesla (TSLA),2019-12-31,27.89
Tesla (TSLA),2020-01-31,43.37
Tesla (TSLA),2020-02-29,44.53
Tesla (TSLA),2020-03-31,34.93
Tesla (TSLA),2020-04-30,52.13
Tesla (TSLA),2020-05-31,55.67
Tesla (TSLA),2020-06-30,71.99
Tesla (TSLA),2020-07-31,95.38
Tesla (TSLA),2020-08-31,166.11
Tesla (TSLA),2020-09-30,143.0
Tesla (TSLA),2020-10-31,129.35
Tesla (TSLA),2020-11-30,189.2
Tesla (TSLA),2020-12-31,235.22
Tesla (TSLA),2021-01-31,264.51
Tesla (TSLA),2021-02-28,225.17
Tesla (TSLA),2021-03-31,222.64
Tesla (TSLA),2021-04-30,236.48
Tesla (TSLA),2021-05-31,208.41
Tesla (TSLA),2021-06-30,226.57
Tesla (TSLA),2021-07-31,229.07
Tesla (TSLA),2021-08-31,245.24
Tesla (TSLA),2021-09-30,258.49
Tesla (TSLA),2021-10-31,371.33
Tesla (TSLA),2021-11-30,381.59
Tesla (TSLA),2021-12-31,352.26
Tesla (TSLA),2022-01-31,312.24
Tesla (TSLA),2022-02-28,290.14
Tesla (TSLA),2022-03-31,359.2
Tesla (TSLA),2022-04-30,290.25
Tesla (TSLA),2022-05-31,252.75
Tesla (TSLA),2022-06-30,224.47
Tesla (TSLA),2022-07-31,297.15
Tesla (TSLA),2022-08-31,275.61
Tesla (TSLA),2022-09-30,265.25
Tesla (TSLA),2022-10-31,227.54
Tesla (TSLA),2022-11-30,194.7
Tesla (TSLA),2022-12-31,123.18
Tesla (TSLA),2023-01-31,173.22
Tesla (TSLA),2023-02-28,205.71
Tesla (TSLA),2023-03-31,207.46
Tesla (TSLA),2023-04-30,164.31
Tesla (TSLA),2023-05-31,203.93
Tesla (TSLA),2023-06-30,261.77
Tesla (TSLA),2023-07-31,267.43
Tesla (TSLA),2023-08-31,258.08
Tesla (TSLA),2023-09-30,250.22
Tesla (TSLA),2023-10-31,200.84
Tesla (TSLA),2023-11-30,240.08
Tesla (TSLA),2023-12-31,248.48
Tesla (TSLA),2024-01-31,187.29
Tesla (TSLA),2024-02-29,201.88
Tesla (TSLA),2024-03-31,175.79
Tesla (TSLA),2024-04-30,183.28
Tesla (TSLA),2024-05-31,178.08
Tesla (TSLA),2024-06-30,197.88
Tesla (TSLA),2024-07-31,232.07
Tesla (TSLA),2024-08-31,214.11
Tesla (TSLA),2024-09-30,261.63
Tesla (TSLA),2024-10-31,249.85
Tesla (TSLA),2024-11-30,345.16
Tesla (TSLA),2024-12-31,417.41
Taiwan Semiconductor (TSM),2018-01-31,37.49
Taiwan Semiconductor (TSM),2018-02-28,35.87
Taiwan Semiconductor (TSM),2018-03-31,36.21
Taiwan Semiconductor (TSM),2018-04-30,31.81
Taiwan Semiconductor (TSM),2018-05-31,32.02
Taiwan Semiconductor (TSM),2018-06-30,31.36
Taiwan Semiconductor (TSM),2018-07-31,35.34
Taiwan Semiconductor (TSM),2018-08-31,37.39
Taiwan Semiconductor (TSM),2018-09-30,37.87
Taiwan Semiconductor (TSM),2018-10-31,32.68
Taiwan Semiconductor (TSM),2018-11-30,32.24
Taiwan Semiconductor (TSM),2018-12-31,31.66
Taiwan Semiconductor (TSM),2019-01-31,32.26
Taiwan Semiconductor (TSM),2019-02-28,33.49
Taiwan Semiconductor (TSM),2019-03-31,35.13
Taiwan Semiconductor (TSM),2019-04-30,37.58
Taiwan Semiconductor (TSM),2019-05-31,32.89
Taiwan Semiconductor (TSM),2019-06-30,34.69
Taiwan Semiconductor (TSM),2019-07-31,37.75
Taiwan Semiconductor (TSM),2019-08-31,37.75
Taiwan Semiconductor (TSM),2019-09-30,41.46
Taiwan Semiconductor (TSM),2019-10-31,46.05
Taiwan Semiconductor (TSM),2019-11-30,47.35
Taiwan Semiconductor (TSM),2019-12-31,52.18
Taiwan Semiconductor (TSM),2020-01-31,48.45
Taiwan Semiconductor (TSM),2020-02-29,48.36
Taiwan Semiconductor (TSM),2020-03-31,43.33
Taiwan Semiconductor (TSM),2020-04-30,48.17
Taiwan Semiconductor (TSM),2020-05-31,45.63
Taiwan Semiconductor (TSM),2020-06-30,51.86
Taiwan Semiconductor (TSM),2020-07-31,72.06
Taiwan Semiconductor (TSM),2020-08-31,72.39
Taiwan Semiconductor (TSM),2020-09-30,74.44
Taiwan Semiconductor (TSM),2020-10-31,77.01
Taiwan Semiconductor (TSM),2020-11-30,89.08
Taiwan Semiconductor (TSM),2020-12-31,100.54
Taiwan Semiconductor (TSM),2021-01-31,112.05
Taiwan Semiconductor (TSM),2021-02-28,116.12
Taiwan Semiconductor (TSM),2021-03-31,109.47
Taiwan Semiconductor (TSM),2021-04-30,108.04
Taiwan Semiconductor (TSM),2021-05-31,108.62
Taiwan Semiconductor (TSM),2021-06-30,111.64
Taiwan Semiconductor (TSM),2021-07-31,108.37
Taiwan Semiconductor (TSM),2021-08-31,110.57
Taiwan Semiconductor (TSM),2021-09-30,104.16
Taiwan Semiconductor (TSM),2021-10-31,106.07
Taiwan Semiconductor (TSM),2021-11-30,109.29
Taiwan Semiconductor (TSM),2021-12-31,112.7
Taiwan Semiconductor (TSM),2022-01-31,114.87
Taiwan Semiconductor (TSM),2022-02-28,100.24
Taiwan Semiconductor (TSM),2022-03-31,98.14
Taiwan Semiconductor (TSM),2022-04-30,87.47
Taiwan Semiconductor (TSM),2022-05-31,89.7
Taiwan Semiconductor (TSM),2022-06-30,77.35
Taiwan Semiconductor (TSM),2022-07-31,83.72
Taiwan Semiconductor (TSM),2022-08-31,78.87
Taiwan Semiconductor (TSM),2022-09-30,65.24
Taiwan Semiconductor (TSM),2022-10-31,58.57
Taiwan Semiconductor (TSM),2022-11-30,78.96
Taiwan Semiconductor (TSM),2022-12-31,71.28
Taiwan Semiconductor (TSM),2023-01-31,88.74
Taiwan Semiconductor (TSM),2023-02-28,83.32
Taiwan Semiconductor (TSM),2023-03-31,89.48
Taiwan Semiconductor (TSM),2023-04-30,81.09
Taiwan Semiconductor (TSM),2023-05-31,94.84
Taiwan Semiconductor (TSM),2023-06-30,97.49
Taiwan Semiconductor (TSM),2023-07-31,95.78
Taiwan Semiconductor (TSM),2023-08-31,90.39
Taiwan Semiconductor (TSM),2023-09-30,84.38
Taiwan Semiconductor (TSM),2023-10-31,83.81
Taiwan Semiconductor (TSM),2023-11-30,94.49
Taiwan Semiconductor (TSM),2023-12-31,101.46
Taiwan Semiconductor (TSM),2024-01-31,110.2
Taiwan Semiconductor (TSM),2024-02-29,125.53
Taiwan Semiconductor (TSM),2024-03-31,133.26
Taiwan Semiconductor (TSM),2024-04-30,134.53
Taiwan Semiconductor (TSM),2024-05-31,147.95
Taiwan Semiconductor (TSM),2024-06-30,170.79
Taiwan Semiconductor (TSM),2024-07-31,162.92
Taiwan Semiconductor (TSM),2024-08-31,168.71
Taiwan Semiconductor (TSM),2024-09-30,171.28
Taiwan Semiconductor (TSM),2024-10-31,187.92
Taiwan Semiconductor (TSM),2024-11-30,182.12
Taiwan Semiconductor (TSM),2024-12-31,198.26
ASML (ASML),2018-01-31,187.58
ASML (ASML),2018-02-28,180.58
ASML (ASML),2018-03-31,183.51
ASML (ASML),2018-04-30,175.71
ASML (ASML),2018-05-31,183.36
ASML (ASML),2018-06-30,184.59
ASML (ASML),2018-07-31,199.53
ASML (ASML),2018-08-31,191.19
ASML (ASML),2018-09-30,175.31
ASML (ASML),2018-10-31,160.71
ASML (ASML),2018-11-30,159.77
ASML (ASML),2018-12-31,145.1
ASML (ASML),2019-01-31,163.2
ASML (ASML),2019-02-28,170.51
ASML (ASML),2019-03-31,175.34
ASML (ASML),2019-04-30,196.98
ASML (ASML),2019-05-31,177.39
ASML (ASML),2019-06-30,196.14
ASML (ASML),2019-07-31,210.18
ASML (ASML),2019-08-31,209.99
ASML (ASML),2019-09-30,234.34
ASML (ASML),2019-10-31,247.12
ASML (ASML),2019-11-30,256.39
ASML (ASML),2019-12-31,280.38
ASML (ASML),2020-01-31,265.9
ASML (ASML),2020-02-29,262.16
ASML (ASML),2020-03-31,247.88
ASML (ASML),2020-04-30,274.64
ASML (ASML),2020-05-31,313.76
ASML (ASML),2020-06-30,350.44
ASML (ASML),2020-07-31,336.81
ASML (ASML),2020-08-31,356.3
ASML (ASML),2020-09-30,351.62
ASML (ASML),2020-10-31,343.95
ASML (ASML),2020-11-30,418.43
ASML (ASML),2020-12-31,466.21
ASML (ASML),2021-01-31,510.6
ASML (ASML),2021-02-28,542.08
ASML (ASML),2021-03-31,590.13
ASML (ASML),2021-04-30,619.52
ASML (ASML),2021-05-31,647.55
ASML (ASML),2021-06-30,662.28
ASML (ASML),2021-07-31,735.05
ASML (ASML),2021-08-31,798.61
ASML (ASML),2021-09-30,714.31
ASML (ASML),2021-10-31,779.28
ASML (ASML),2021-11-30,760.76
ASML (ASML),2021-12-31,765.21
ASML (ASML),2022-01-31,650.89
ASML (ASML),2022-02-28,640.61
ASML (ASML),2022-03-31,641.98
ASML (ASML),2022-04-30,541.86
ASML (ASML),2022-05-31,557.71
ASML (ASML),2022-06-30,460.53
ASML (ASML),2022-07-31,555.91
ASML (ASML),2022-08-31,475.28
ASML (ASML),2022-09-30,402.92
ASML (ASML),2022-10-31,458.28
ASML (ASML),2022-11-30,591.7
ASML (ASML),2022-12-31,531.64
ASML (ASML),2023-01-31,642.99
ASML (ASML),2023-02-28,602.35
ASML (ASML),2023-03-31,663.76
ASML (ASML),2023-04-30,621.0
ASML (ASML),2023-05-31,706.99
ASML (ASML),2023-06-30,708.77
ASML (ASML),2023-07-31,700.62
ASML (ASML),2023-08-31,647.41
ASML (ASML),2023-09-30,576.97
ASML (ASML),2023-10-31,586.92
ASML (ASML),2023-11-30,671.89
ASML (ASML),2023-12-31,743.78
ASML (ASML),2024-01-31,854.73
ASML (ASML),2024-02-29,936.8
ASML (ASML),2024-03-31,955.3
ASML (ASML),2024-04-30,860.62
ASML (ASML),2024-05-31,947.3
ASML (ASML),2024-06-30,1008.83
ASML (ASML),2024-07-31,925.69
ASML (ASML),2024-08-31,893.24
ASML (ASML),2024-09-30,823.45
ASML (ASML),2024-10-31,666.18
ASML (ASML),2024-11-30,680.11
ASML (ASML),2024-12-31,689.56
Samsung (005930.KS),2018-01-31,40581.18
Samsung (005930.KS),2018-02-28,38271.54
Samsung (005930.KS),2018-03-31,40321.25
Samsung (005930.KS),2018-04-30,43417.84
Samsung (005930.KS),2018-05-31,41533.68
Samsung (005930.KS),2018-06-30,38500.12
Samsung (005930.KS),2018-07-31,38170.02
Samsung (005930.KS),2018-08-31,39985.68
Samsung (005930.KS),2018-09-30,38623.54
Samsung (005930.KS),2018-10-31,35255.92
Samsung (005930.KS),2018-11-30,34798.59
Samsung (005930.KS),2018-12-31,32479.16
Samsung (005930.KS),2019-01-31,38731.61
Samsung (005930.KS),2019-02-28,37850.38
Samsung (005930.KS),2019-03-31,37767.54
Samsung (005930.KS),2019-04-30,38782.56
Samsung (005930.KS),2019-05-31,35948.95
Samsung (005930.KS),2019-06-30,40065.65
Samsung (005930.KS),2019-07-31,38659.09
Samsung (005930.KS),2019-08-31,37508.27
Samsung (005930.KS),2019-09-30,42116.23
Samsung (005930.KS),2019-10-31,43275.39
Samsung (005930.KS),2019-11-30,43189.52
Samsung (005930.KS),2019-12-31,48220.16
Samsung (005930.KS),2020-01-31,48738.65
Samsung (005930.KS),2020-02-29,46837.51
Samsung (005930.KS),2020-03-31,41568.33
Samsung (005930.KS),2020-04-30,43527.05
Samsung (005930.KS),2020-05-31,44136.43
Samsung (005930.KS),2020-06-30,46271.88
Samsung (005930.KS),2020-07-31,50741.32
Samsung (005930.KS),2020-08-31,47323.52
Samsung (005930.KS),2020-09-30,51317.99
Samsung (005930.KS),2020-10-31,49907.18
Samsung (005930.KS),2020-11-30,58812.88
Samsung (005930.KS),2020-12-31,73219.41
Samsung (005930.KS),2021-01-31,74123.34
Samsung (005930.KS),2021-02-28,74575.3
Samsung (005930.KS),2021-03-31,73907.95
Samsung (005930.KS),2021-04-30,73998.75
Samsung (005930.KS),2021-05-31,73090.78
Samsung (005930.KS),2021-06-30,73596.79
Samsung (005930.KS),2021-07-31,71590.44
Samsung (005930.KS),2021-08-31,69948.86
Samsung (005930.KS),2021-09-30,67898.96
Samsung (005930.KS),2021-10-31,63958.81
Samsung (005930.KS),2021-11-30,65333.28
Samsung (005930.KS),2021-12-31,72071.5
Samsung (005930.KS),2022-01-31,67469.23
Samsung (005930.KS),2022-02-28,66180.6
Samsung (005930.KS),2022-03-31,64394.7
Samsung (005930.KS),2022-04-30,62359.23
Samsung (005930.KS),2022-05-31,62359.23
Samsung (005930.KS),2022-06-30,53059.5
Samsung (005930.KS),2022-07-31,57155.32
Samsung (005930.KS),2022-08-31,55572.86
Samsung (005930.KS),2022-09-30,49768.75
Samsung (005930.KS),2022-10-31,55673.51
Samsung (005930.KS),2022-11-30,58297.86
Samsung (005930.KS),2022-12-31,52154.79
Samsung (005930.KS),2023-01-31,57907.85
Samsung (005930.KS),2023-02-28,57153.36
Samsung (005930.KS),2023-03-31,60709.52
Samsung (005930.KS),2023-04-30,62132.39
Samsung (005930.KS),2023-05-31,67729.06
Samsung (005930.KS),2023-06-30,68829.7
Samsung (005930.KS),2023-07-31,66541.73
Samsung (005930.KS),2023-08-31,63777.11
Samsung (005930.KS),2023-09-30,65548.05
Samsung (005930.KS),2023-10-31,64110.59
Samsung (005930.KS),2023-11-30,69764.59
Samsung (005930.KS),2023-12-31,75583.16
Samsung (005930.KS),2024-01-31,69998.66
Samsung (005930.KS),2024-02-29,70672.65
Samsung (005930.KS),2024-03-31,79698.77
Samsung (005930.KS),2024-04-30,74959.41
Samsung (005930.KS),2024-05-31,71090.53
Samsung (005930.KS),2024-06-30,79179.85
Samsung (005930.KS),2024-07-31,81511.54
Samsung (005930.KS),2024-08-31,72184.84
Samsung (005930.KS),2024-09-30,60084.46
Samsung (005930.KS),2024-10-31,57837.41
Samsung (005930.KS),2024-11-30,52952.49
Samsung (005930.KS),2024-12-31,52329.9
Tencent (0700.HK),2018-01-31,410.37
Tencent (0700.HK),2018-02-28,382.57
Tencent (0700.HK),2018-03-31,362.57
Tencent (0700.HK),2018-04-30,346.11
Tencent (0700.HK),2018-05-31,354.19
Tencent (0700.HK),2018-06-30,349.4
Tencent (0700.HK),2018-07-31,315.15
Tencent (0700.HK),2018-08-31,301.66
Tencent (0700.HK),2018-09-30,286.76
Tencent (0700.HK),2018-10-31,236.89
Tencent (0700.HK),2018-11-30,276.82
Tencent (0700.HK),2018-12-31,278.59
Tencent (0700.HK),2019-01-31,306.98
Tencent (0700.HK),2019-02-28,297.94
Tencent (0700.HK),2019-03-31,320.29
Tencent (0700.HK),2019-04-30,344.25
Tencent (0700.HK),2019-05-31,290.1
Tencent (0700.HK),2019-06-30,313.77
Tencent (0700.HK),2019-07-31,327.65
Tencent (0700.HK),2019-08-31,289.03
Tencent (0700.HK),2019-09-30,293.84
Tencent (0700.HK),2019-10-31,285.47
Tencent (0700.HK),2019-11-30,295.26
Tencent (0700.HK),2019-12-31,334.24
Tencent (0700.HK),2020-01-31,331.93
Tencent (0700.HK),2020-02-29,343.49
Tencent (0700.HK),2020-03-31,338.33
Tencent (0700.HK),2020-04-30,371.08
Tencent (0700.HK),2020-05-31,366.31
Tencent (0700.HK),2020-06-30,445.04
Tencent (0700.HK),2020-07-31,476.64
Tencent (0700.HK),2020-08-31,473.51
Tencent (0700.HK),2020-09-30,456.55
Tencent (0700.HK),2020-10-31,527.51
Tencent (0700.HK),2020-11-30,502.52
Tencent (0700.HK),2020-12-31,505.2
Tencent (0700.HK),2021-01-31,608.29
Tencent (0700.HK),2021-02-28,591.33
Tencent (0700.HK),2021-03-31,544.47
Tencent (0700.HK),2021-04-30,556.08
Tencent (0700.HK),2021-05-31,554.14
Tencent (0700.HK),2021-06-30,522.81
Tencent (0700.HK),2021-07-31,428.81
Tencent (0700.HK),2021-08-31,430.78
Tencent (0700.HK),2021-09-30,413.05
Tencent (0700.HK),2021-10-31,430.6
Tencent (0700.HK),2021-11-30,411.26
Tencent (0700.HK),2021-12-31,408.94
Tencent (0700.HK),2022-01-31,434.6
Tencent (0700.HK),2022-02-28,388.49
Tencent (0700.HK),2022-03-31,345.14
Tencent (0700.HK),2022-04-30,348.09
Tencent (0700.HK),2022-05-31,335.91
Tencent (0700.HK),2022-06-30,328.49
Tencent (0700.HK),2022-07-31,284.37
Tencent (0700.HK),2022-08-31,303.28
Tencent (0700.HK),2022-09-30,246.93
Tencent (0700.HK),2022-10-31,190.57
Tencent (0700.HK),2022-11-30,266.21
Tencent (0700.HK),2022-12-31,309.59
Tencent (0700.HK),2023-01-31,372.99
Tencent (0700.HK),2023-02-28,335.32
Tencent (0700.HK),2023-03-31,376.51
Tencent (0700.HK),2023-04-30,336.1
Tencent (0700.HK),2023-05-31,305.28
Tencent (0700.HK),2023-06-30,325.92
Tencent (0700.HK),2023-07-31,348.32
Tencent (0700.HK),2023-08-31,319.43
Tencent (0700.HK),2023-09-30,300.95
Tencent (0700.HK),2023-10-31,284.24
Tencent (0700.HK),2023-11-30,321.39
Tencent (0700.HK),2023-12-31,288.57
Tencent (0700.HK),2024-01-31,265.96
Tencent (0700.HK),2024-02-29,272.45
Tencent (0700.HK),2024-03-31,298.59
Tencent (0700.HK),2024-04-30,341.25
Tencent (0700.HK),2024-05-31,356.69
Tencent (0700.HK),2024-06-30,369.18
Tencent (0700.HK),2024-07-31,359.07
Tencent (0700.HK),2024-08-31,378.69
Tencent (0700.HK),2024-09-30,440.75
Tencent (0700.HK),2024-10-31,401.1
Tencent (0700.HK),2024-11-30,394.56
Tencent (0700.HK),2024-12-31,415.37
Sony (SONY),2018-01-31,9.15
Sony (SONY),2018-02-28,9.63
Sony (SONY),2018-03-31,9.25
Sony (SONY),2018-04-30,8.77
Sony (SONY),2018-05-31,9.01
Sony (SONY),2018-06-30,9.81
Sony (SONY),2018-07-31,10.34
Sony (SONY),2018-08-31,10.88
Sony (SONY),2018-09-30,11.63
Sony (SONY),2018-10-31,10.38
Sony (SONY),2018-11-30,10.13
Sony (SONY),2018-12-31,9.26
Sony (SONY),2019-01-31,9.61
Sony (SONY),2019-02-28,9.21
Sony (SONY),2019-03-31,8.14
Sony (SONY),2019-04-30,9.7
Sony (SONY),2019-05-31,9.25
Sony (SONY),2019-06-30,10.09
Sony (SONY),2019-07-31,10.95
Sony (SONY),2019-08-31,10.96
Sony (SONY),2019-09-30,11.43
Sony (SONY),2019-10-31,11.76
Sony (SONY),2019-11-30,12.27
Sony (SONY),2019-12-31,13.14
Sony (SONY),2020-01-31,13.56
Sony (SONY),2020-02-29,12.02
Sony (SONY),2020-03-31,11.48
Sony (SONY),2020-04-30,12.46
Sony (SONY),2020-05-31,12.56
Sony (SONY),2020-06-30,13.41
Sony (SONY),2020-07-31,15.12
Sony (SONY),2020-08-31,15.26
Sony (SONY),2020-09-30,14.93
Sony (SONY),2020-10-31,16.28
Sony (SONY),2020-11-30,18.15
Sony (SONY),2020-12-31,19.67
Sony (SONY),2021-01-31,18.62
Sony (SONY),2021-02-28,20.59
Sony (SONY),2021-03-31,20.68
Sony (SONY),2021-04-30,19.54
Sony (SONY),2021-05-31,19.43
Sony (SONY),2021-06-30,18.97
Sony (SONY),2021-07-31,20.35
Sony (SONY),2021-08-31,20.18
Sony (SONY),2021-09-30,21.62
Sony (SONY),2021-10-31,22.64
Sony (SONY),2021-11-30,23.83
Sony (SONY),2021-12-31,24.72
Sony (SONY),2022-01-31,21.83
Sony (SONY),2022-02-28,20.05
Sony (SONY),2022-03-31,20.14
Sony (SONY),2022-04-30,16.87
Sony (SONY),2022-05-31,18.44
Sony (SONY),2022-06-30,16.03
Sony (SONY),2022-07-31,16.74
Sony (SONY),2022-08-31,15.56
Sony (SONY),2022-09-30,12.61
Sony (SONY),2022-10-31,13.28
Sony (SONY),2022-11-30,16.35
Sony (SONY),2022-12-31,15.01
Sony (SONY),2023-01-31,17.61
Sony (SONY),2023-02-28,16.45
Sony (SONY),2023-03-31,17.9
Sony (SONY),2023-04-30,17.7
Sony (SONY),2023-05-31,18.5
Sony (SONY),2023-06-30,17.78
Sony (SONY),2023-07-31,18.48
Sony (SONY),2023-08-31,16.43
Sony (SONY),2023-09-30,16.33
Sony (SONY),2023-10-31,16.45
Sony (SONY),2023-11-30,17.03
Sony (SONY),2023-12-31,18.76
Sony (SONY),2024-01-31,19.36
Sony (SONY),2024-02-29,17.0
Sony (SONY),2024-03-31,17.04
Sony (SONY),2024-04-30,16.41
Sony (SONY),2024-05-31,16.37
Sony (SONY),2024-06-30,16.88
Sony (SONY),2024-07-31,17.61
Sony (SONY),2024-08-31,19.39
Sony (SONY),2024-09-30,19.26
Sony (SONY),2024-10-31,17.55
Sony (SONY),2024-11-30,19.99
Sony (SONY),2024-12-31,21.15
Netflix (NFLX),2018-01-31,27.03
Netflix (NFLX),2018-02-28,29.14
Netflix (NFLX),2018-03-31,29.53
Netflix (NFLX),2018-04-30,31.25
Netflix (NFLX),2018-05-31,35.16
Netflix (NFLX),2018-06-30,39.14
Netflix (NFLX),2018-07-31,33.74
Netflix (NFLX),2018-08-31,36.77
Netflix (NFLX),2018-09-30,37.41
Netflix (NFLX),2018-10-31,30.18
Netflix (NFLX),2018-11-30,28.61
Netflix (NFLX),2018-12-31,26.77
Netflix (NFLX),2019-01-31,33.95
Netflix (NFLX),2019-02-28,35.81
Netflix (NFLX),2019-03-31,35.66
Netflix (NFLX),2019-04-30,37.05
Netflix (NFLX),2019-05-31,34.33
Netflix (NFLX),2019-06-30,36.73
Netflix (NFLX),2019-07-31,32.3
Netflix (NFLX),2019-08-31,29.38
Netflix (NFLX),2019-09-30,26.76
Netflix (NFLX),2019-10-31,28.74
Netflix (NFLX),2019-11-30,31.47
Netflix (NFLX),2019-12-31,32.36
Netflix (NFLX),2020-01-31,34.51
Netflix (NFLX),2020-02-29,36.9
Netflix (NFLX),2020-03-31,37.55
Netflix (NFLX),2020-04-30,41.99
Netflix (NFLX),2020-05-31,41.97
Netflix (NFLX),2020-06-30,45.5
Netflix (NFLX),2020-07-31,48.89
Netflix (NFLX),2020-08-31,52.96
Netflix (NFLX),2020-09-30,50.0
Netflix (NFLX),2020-10-31,47.57
Netflix (NFLX),2020-11-30,49.07
Netflix (NFLX),2020-12-31,54.07
Netflix (NFLX),2021-01-31,53.24
Netflix (NFLX),2021-02-28,53.88
Netflix (NFLX),2021-03-31,52.17
Netflix (NFLX),2021-04-30,51.35
Netflix (NFLX),2021-05-31,50.28
Netflix (NFLX),2021-06-30,52.82
Netflix (NFLX),2021-07-31,51.76
Netflix (NFLX),2021-08-31,56.92
Netflix (NFLX),2021-09-30,61.03
Netflix (NFLX),2021-10-31,69.03
Netflix (NFLX),2021-11-30,64.19
Netflix (NFLX),2021-12-31,60.24
Netflix (NFLX),2022-01-31,42.71
Netflix (NFLX),2022-02-28,39.45
Netflix (NFLX),2022-03-31,37.46
Netflix (NFLX),2022-04-30,19.04
Netflix (NFLX),2022-05-31,19.74
Netflix (NFLX),2022-06-30,17.49
Netflix (NFLX),2022-07-31,22.49
Netflix (NFLX),2022-08-31,22.36
Netflix (NFLX),2022-09-30,23.54
Netflix (NFLX),2022-10-31,29.19
Netflix (NFLX),2022-11-30,30.55
Netflix (NFLX),2022-12-31,29.49
Netflix (NFLX),2023-01-31,35.39
Netflix (NFLX),2023-02-28,32.21
Netflix (NFLX),2023-03-31,34.55
Netflix (NFLX),2023-04-30,32.99
Netflix (NFLX),2023-05-31,39.52
Netflix (NFLX),2023-06-30,44.05
Netflix (NFLX),2023-07-31,43.9
Netflix (NFLX),2023-08-31,43.37
Netflix (NFLX),2023-09-30,37.76
Netflix (NFLX),2023-10-31,41.17
Netflix (NFLX),2023-11-30,47.4
Netflix (NFLX),2023-12-31,48.69
Netflix (NFLX),2024-01-31,56.41
Netflix (NFLX),2024-02-29,60.29
Netflix (NFLX),2024-03-31,60.73
Netflix (NFLX),2024-04-30,55.06
Netflix (NFLX),2024-05-31,64.16
Netflix (NFLX),2024-06-30,67.49
Netflix (NFLX),2024-07-31,62.83
Netflix (NFLX),2024-08-31,70.14
Netflix (NFLX),2024-09-30,70.93
Netflix (NFLX),2024-10-31,75.6
Netflix (NFLX),2024-11-30,88.68
Netflix (NFLX),2024-12-31,90.04
IBM (IBM),2018-01-31,110.37
IBM (IBM),2018-02-28,106.1
IBM (IBM),2018-03-31,104.47
IBM (IBM),2018-04-30,98.7
IBM (IBM),2018-05-31,97.28
IBM (IBM),2018-06-30,96.18
IBM (IBM),2018-07-31,99.78
IBM (IBM),2018-08-31,101.93
IBM (IBM),2018-09-30,105.22
IBM (IBM),2018-10-31,80.33
IBM (IBM),2018-11-30,87.58
IBM (IBM),2018-12-31,80.11
IBM (IBM),2019-01-31,94.73
IBM (IBM),2019-02-28,98.48
IBM (IBM),2019-03-31,100.6
IBM (IBM),2019-04-30,100.01
IBM (IBM),2019-05-31,91.61
IBM (IBM),2019-06-30,99.48
IBM (IBM),2019-07-31,106.94
IBM (IBM),2019-08-31,98.93
IBM (IBM),2019-09-30,106.15
IBM (IBM),2019-10-31,97.61
IBM (IBM),2019-11-30,99.3
IBM (IBM),2019-12-31,98.99
IBM (IBM),2020-01-31,106.15
IBM (IBM),2020-02-29,97.13
IBM (IBM),2020-03-31,82.78
IBM (IBM),2020-04-30,93.7
IBM (IBM),2020-05-31,94.46
IBM (IBM),2020-06-30,91.33
IBM (IBM),2020-07-31,92.98
IBM (IBM),2020-08-31,94.48
IBM (IBM),2020-09-30,93.22
IBM (IBM),2020-10-31,85.55
IBM (IBM),2020-11-30,96.01
IBM (IBM),2020-12-31,97.84
IBM (IBM),2021-01-31,92.58
IBM (IBM),2021-02-28,93.68
IBM (IBM),2021-03-31,104.96
IBM (IBM),2021-04-30,111.75
IBM (IBM),2021-05-31,114.48
IBM (IBM),2021-06-30,116.75
IBM (IBM),2021-07-31,112.27
IBM (IBM),2021-08-31,113.06
IBM (IBM),2021-09-30,111.93
IBM (IBM),2021-10-31,100.78
IBM (IBM),2021-11-30,100.0
IBM (IBM),2021-12-31,114.14
IBM (IBM),2022-01-31,114.06
IBM (IBM),2022-02-28,105.88
IBM (IBM),2022-03-31,112.37
IBM (IBM),2022-04-30,114.26
IBM (IBM),2022-05-31,121.44
IBM (IBM),2022-06-30,123.5
IBM (IBM),2022-07-31,114.4
IBM (IBM),2022-08-31,113.77
IBM (IBM),2022-09-30,105.23
IBM (IBM),2022-10-31,122.49
IBM (IBM),2022-11-30,133.46
IBM (IBM),2022-12-31,126.28
IBM (IBM),2023-01-31,120.76
IBM (IBM),2023-02-28,117.31
IBM (IBM),2023-03-31,118.94
IBM (IBM),2023-04-30,114.69
IBM (IBM),2023-05-31,118.26
IBM (IBM),2023-06-30,123.06
IBM (IBM),2023-07-31,132.6
IBM (IBM),2023-08-31,136.59
IBM (IBM),2023-09-30,130.51
IBM (IBM),2023-10-31,134.55
IBM (IBM),2023-11-30,149.17
IBM (IBM),2023-12-31,153.87
IBM (IBM),2024-01-31,172.79
IBM (IBM),2024-02-29,175.66
IBM (IBM),2024-03-31,181.29
IBM (IBM),2024-04-30,157.79
IBM (IBM),2024-05-31,159.98
IBM (IBM),2024-06-30,165.83
IBM (IBM),2024-07-31,184.22
IBM (IBM),2024-08-31,195.5
IBM (IBM),2024-09-30,213.83
IBM (IBM),2024-10-31,199.94
IBM (IBM),2024-11-30,221.68
IBM (IBM),2024-12-31,214.7
Accenture (ACN),2018-01-31,142.8
Accenture (ACN),2018-02-28,143.08
Accenture (ACN),2018-03-31,136.41
Accenture (ACN),2018-04-30,135.55
Accenture (ACN),2018-05-31,139.62
Accenture (ACN),2018-06-30,146.65
Accenture (ACN),2018-07-31,142.84
Accenture (ACN),2018-08-31,151.57
Accenture (ACN),2018-09-30,152.58
Accenture (ACN),2018-10-31,142.59
Accenture (ACN),2018-11-30,148.84
Accenture (ACN),2018-12-31,127.57
Accenture (ACN),2019-01-31,138.91
Accenture (ACN),2019-02-28,146.0
Accenture (ACN),2019-03-31,159.24
Accenture (ACN),2019-04-30,166.63
Accenture (ACN),2019-05-31,162.43
Accenture (ACN),2019-06-30,168.54
Accenture (ACN),2019-07-31,175.66
Accenture (ACN),2019-08-31,180.76
Accenture (ACN),2019-09-30,175.45
Accenture (ACN),2019-10-31,169.86
Accenture (ACN),2019-11-30,184.28
Accenture (ACN),2019-12-31,192.9
Accenture (ACN),2020-01-31,188.72
Accenture (ACN),2020-02-29,166.08
Accenture (ACN),2020-03-31,150.14
Accenture (ACN),2020-04-30,171.07
Accenture (ACN),2020-05-31,186.25
Accenture (ACN),2020-06-30,198.35
Accenture (ACN),2020-07-31,208.41
Accenture (ACN),2020-08-31,222.45
Accenture (ACN),2020-09-30,209.53
Accenture (ACN),2020-10-31,201.9
Accenture (ACN),2020-11-30,231.85
Accenture (ACN),2020-12-31,243.13
Accenture (ACN),2021-01-31,225.95
Accenture (ACN),2021-02-28,234.33
Accenture (ACN),2021-03-31,258.01
Accenture (ACN),2021-04-30,271.66
Accenture (ACN),2021-05-31,264.34
Accenture (ACN),2021-06-30,276.18
Accenture (ACN),2021-07-31,298.46
Accenture (ACN),2021-08-31,316.2
Accenture (ACN),2021-09-30,300.57
Accenture (ACN),2021-10-31,338.09
Accenture (ACN),2021-11-30,336.78
Accenture (ACN),2021-12-31,390.63
Accenture (ACN),2022-01-31,334.04
Accenture (ACN),2022-02-28,298.56
Accenture (ACN),2022-03-31,318.59
Accenture (ACN),2022-04-30,284.61
Accenture (ACN),2022-05-31,282.81
Accenture (ACN),2022-06-30,263.09
Accenture (ACN),2022-07-31,291.23
Accenture (ACN),2022-08-31,274.3
Accenture (ACN),2022-09-30,244.67
Accenture (ACN),2022-10-31,271.17
Accenture (ACN),2022-11-30,287.43
Accenture (ACN),2022-12-31,254.87
Accenture (ACN),2023-01-31,267.62
Accenture (ACN),2023-02-28,254.68
Accenture (ACN),2023-03-31,274.11
Accenture (ACN),2023-04-30,269.87
Accenture (ACN),2023-05-31,294.55
Accenture (ACN),2023-06-30,297.11
Accenture (ACN),2023-07-31,305.69
Accenture (ACN),2023-08-31,312.86
Accenture (ACN),2023-09-30,296.77
Accenture (ACN),2023-10-31,288.27
Accenture (ACN),2023-11-30,323.25
Accenture (ACN),2023-12-31,340.5
Accenture (ACN),2024-01-31,354.37
Accenture (ACN),2024-02-29,364.99
Accenture (ACN),2024-03-31,337.55
Accenture (ACN),2024-04-30,294.18
Accenture (ACN),2024-05-31,275.98
Accenture (ACN),2024-06-30,296.63
Accenture (ACN),2024-07-31,324.64
Accenture (ACN),2024-08-31,335.77
Accenture (ACN),2024-09-30,347.09
Accenture (ACN),2024-10-31,339.97
Accenture (ACN),2024-11-30,357.27
Accenture (ACN),2024-12-31,347.53
Salesforce (CRM),2018-01-31,112.72
Salesforce (CRM),2018-02-28,115.04
Salesforce (CRM),2018-03-31,115.09
Salesforce (CRM),2018-04-30,119.73
Salesforce (CRM),2018-05-31,127.98
Salesforce (CRM),2018-06-30,134.98
Salesforce (CRM),2018-07-31,135.72
Salesforce (CRM),2018-08-31,151.09
Salesforce (CRM),2018-09-30,157.37
Salesforce (CRM),2018-10-31,135.81
Salesforce (CRM),2018-11-30,141.27
Salesforce (CRM),2018-12-31,135.54
Salesforce (CRM),2019-01-31,150.39
Salesforce (CRM),2019-02-28,161.95
Salesforce (CRM),2019-03-31,156.72
Salesforce (CRM),2019-04-30,163.63
Salesforce (CRM),2019-05-31,149.83
Salesforce (CRM),2019-06-30,150.15
Salesforce (CRM),2019-07-31,152.89
Salesforce (CRM),2019-08-31,154.45
Salesforce (CRM),2019-09-30,146.89
Salesforce (CRM),2019-10-31,154.86
Salesforce (CRM),2019-11-30,161.19
Salesforce (CRM),2019-12-31,160.95
Salesforce (CRM),2020-01-31,180.41
Salesforce (CRM),2020-02-29,168.63
Salesforce (CRM),2020-03-31,142.48
Salesforce (CRM),2020-04-30,160.26
Salesforce (CRM),2020-05-31,172.97
Salesforce (CRM),2020-06-30,185.38
Salesforce (CRM),2020-07-31,192.82
Salesforce (CRM),2020-08-31,269.81
Salesforce (CRM),2020-09-30,248.7
Salesforce (CRM),2020-10-31,229.85
Salesforce (CRM),2020-11-30,243.24
Salesforce (CRM),2020-12-31,220.21
Salesforce (CRM),2021-01-31,223.21
Salesforce (CRM),2021-02-28,214.25
Salesforce (CRM),2021-03-31,209.66
Salesforce (CRM),2021-04-30,227.92
Salesforce (CRM),2021-05-31,235.62
Salesforce (CRM),2021-06-30,241.73
Salesforce (CRM),2021-07-31,239.41
Salesforce (CRM),2021-08-31,262.51
Salesforce (CRM),2021-09-30,268.4
Salesforce (CRM),2021-10-31,296.57
Salesforce (CRM),2021-11-30,281.99
Salesforce (CRM),2021-12-31,251.48
Salesforce (CRM),2022-01-31,230.21
Salesforce (CRM),2022-02-28,208.34
Salesforce (CRM),2022-03-31,210.11
Salesforce (CRM),2022-04-30,174.11
Salesforce (CRM),2022-05-31,158.57
Salesforce (CRM),2022-06-30,163.32
Salesforce (CRM),2022-07-31,182.1
Salesforce (CRM),2022-08-31,154.49
Salesforce (CRM),2022-09-30,142.34
Salesforce (CRM),2022-10-31,160.9
Salesforce (CRM),2022-11-30,158.58
Salesforce (CRM),2022-12-31,131.21
Salesforce (CRM),2023-01-31,166.22
Salesforce (CRM),2023-02-28,161.91
Salesforce (CRM),2023-03-31,197.7
Salesforce (CRM),2023-04-30,196.31
Salesforce (CRM),2023-05-31,221.05
Salesforce (CRM),2023-06-30,209.06
Salesforce (CRM),2023-07-31,222.67
Salesforce (CRM),2023-08-31,219.15
Salesforce (CRM),2023-09-30,200.67
Salesforce (CRM),2023-10-31,198.74
Salesforce (CRM),2023-11-30,249.28
Salesforce (CRM),2023-12-31,260.4
Salesforce (CRM),2024-01-31,278.16
Salesforce (CRM),2024-02-29,305.61
Salesforce (CRM),2024-03-31,298.43
Salesforce (CRM),2024-04-30,266.49
Salesforce (CRM),2024-05-31,232.3
Salesforce (CRM),2024-06-30,254.76
Salesforce (CRM),2024-07-31,256.84
Salesforce (CRM),2024-08-31,250.98
Salesforce (CRM),2024-09-30,272.06
Salesforce (CRM),2024-10-31,289.62
Salesforce (CRM),2024-11-30,328.0
Salesforce (CRM),2024-12-31,334.1
Palantir (PLTR),2020-09-30,9.5
Palantir (PLTR),2020-10-31,10.13
Palantir (PLTR),2020-11-30,27.11
Palantir (PLTR),2020-12-31,23.55
Palantir (PLTR),2021-01-31,35.18
Palantir (PLTR),2021-02-28,23.9
Palantir (PLTR),2021-03-31,23.29
Palantir (PLTR),2021-04-30,23.04
Palantir (PLTR),2021-05-31,22.95
Palantir (PLTR),2021-06-30,26.36
Palantir (PLTR),2021-07-31,21.71
Palantir (PLTR),2021-08-31,26.34
Palantir (PLTR),2021-09-30,24.04
Palantir (PLTR),2021-10-31,25.88
Palantir (PLTR),2021-11-30,20.65
Palantir (PLTR),2021-12-31,18.21
Palantir (PLTR),2022-01-31,13.71
Palantir (PLTR),2022-02-28,11.85
Palantir (PLTR),2022-03-31,13.73
Palantir (PLTR),2022-04-30,10.4
Palantir (PLTR),2022-05-31,8.68
Palantir (PLTR),2022-06-30,9.07
Palantir (PLTR),2022-07-31,10.35
Palantir (PLTR),2022-08-31,7.72
Palantir (PLTR),2022-09-30,8.13
Palantir (PLTR),2022-10-31,8.79
Palantir (PLTR),2022-11-30,7.5
Palantir (PLTR),2022-12-31,6.42
Palantir (PLTR),2023-01-31,7.78
Palantir (PLTR),2023-02-28,7.84
Palantir (PLTR),2023-03-31,8.45
Palantir (PLTR),2023-04-30,7.75
Palantir (PLTR),2023-05-31,14.71
Palantir (PLTR),2023-06-30,15.33
Palantir (PLTR),2023-07-31,19.84
Palantir (PLTR),2023-08-31,14.98
Palantir (PLTR),2023-09-30,16.0
Palantir (PLTR),2023-10-31,14.8
Palantir (PLTR),2023-11-30,20.05
Palantir (PLTR),2023-12-31,17.17
Palantir (PLTR),2024-01-31,16.09
Palantir (PLTR),2024-02-29,25.08
Palantir (PLTR),2024-03-31,23.01
Palantir (PLTR),2024-04-30,21.97
Palantir (PLTR),2024-05-31,21.68
Palantir (PLTR),2024-06-30,25.33
Palantir (PLTR),2024-07-31,26.89
Palantir (PLTR),2024-08-31,31.48
Palantir (PLTR),2024-09-30,37.2
Palantir (PLTR),2024-10-31,41.56
Palantir (PLTR),2024-11-30,67.08
Palantir (PLTR),2024-12-31,77.18
Adobe (ADBE),2018-01-31,199.76
Adobe (ADBE),2018-02-28,209.13
Adobe (ADBE),2018-03-31,216.08
Adobe (ADBE),2018-04-30,221.6
Adobe (ADBE),2018-05-31,249.28
Adobe (ADBE),2018-06-30,243.81
Adobe (ADBE),2018-07-31,244.68
Adobe (ADBE),2018-08-31,263.51
Adobe (ADBE),2018-09-30,269.95
Adobe (ADBE),2018-10-31,245.76
Adobe (ADBE),2018-11-30,250.89
Adobe (ADBE),2018-12-31,226.24
Adobe (ADBE),2019-01-31,247.82
Adobe (ADBE),2019-02-28,262.5
Adobe (ADBE),2019-03-31,266.49
Adobe (ADBE),2019-04-30,289.25
Adobe (ADBE),2019-05-31,270.9
Adobe (ADBE),2019-06-30,294.65
Adobe (ADBE),2019-07-31,298.86
Adobe (ADBE),2019-08-31,284.51
Adobe (ADBE),2019-09-30,276.25
Adobe (ADBE),2019-10-31,277.93
Adobe (ADBE),2019-11-30,309.53
Adobe (ADBE),2019-12-31,329.81
Adobe (ADBE),2020-01-31,351.14
Adobe (ADBE),2020-02-29,345.12
Adobe (ADBE),2020-03-31,318.24
Adobe (ADBE),2020-04-30,353.64
Adobe (ADBE),2020-05-31,386.6
Adobe (ADBE),2020-06-30,435.31
Adobe (ADBE),2020-07-31,444.32
Adobe (ADBE),2020-08-31,513.39
Adobe (ADBE),2020-09-30,490.43
Adobe (ADBE),2020-10-31,447.1
Adobe (ADBE),2020-11-30,478.47
Adobe (ADBE),2020-12-31,500.12
Adobe (ADBE),2021-01-31,458.77
Adobe (ADBE),2021-02-28,459.67
Adobe (ADBE),2021-03-31,475.37
Adobe (ADBE),2021-04-30,508.34
Adobe (ADBE),2021-05-31,504.58
Adobe (ADBE),2021-06-30,585.64
Adobe (ADBE),2021-07-31,621.63
Adobe (ADBE),2021-08-31,663.7
Adobe (ADBE),2021-09-30,575.72
Adobe (ADBE),2021-10-31,650.36
Adobe (ADBE),2021-11-30,669.85
Adobe (ADBE),2021-12-31,567.06
Adobe (ADBE),2022-01-31,534.3
Adobe (ADBE),2022-02-28,467.68
Adobe (ADBE),2022-03-31,455.62
Adobe (ADBE),2022-04-30,395.95
Adobe (ADBE),2022-05-31,416.48
Adobe (ADBE),2022-06-30,366.06
Adobe (ADBE),2022-07-31,410.12
Adobe (ADBE),2022-08-31,373.44
Adobe (ADBE),2022-09-30,275.2
Adobe (ADBE),2022-10-31,318.5
Adobe (ADBE),2022-11-30,344.93
Adobe (ADBE),2022-12-31,336.53
Adobe (ADBE),2023-01-31,370.34
Adobe (ADBE),2023-02-28,323.95
Adobe (ADBE),2023-03-31,385.37
Adobe (ADBE),2023-04-30,377.56
Adobe (ADBE),2023-05-31,417.79
Adobe (ADBE),2023-06-30,488.99
Adobe (ADBE),2023-07-31,546.17
Adobe (ADBE),2023-08-31,559.34
Adobe (ADBE),2023-09-30,509.9
Adobe (ADBE),2023-10-31,532.06
Adobe (ADBE),2023-11-30,611.01
Adobe (ADBE),2023-12-31,596.6
Adobe (ADBE),2024-01-31,617.78
Adobe (ADBE),2024-02-29,560.28
Adobe (ADBE),2024-03-31,504.6
Adobe (ADBE),2024-04-30,462.83
Adobe (ADBE),2024-05-31,444.76
Adobe (ADBE),2024-06-30,555.54
Adobe (ADBE),2024-07-31,551.65
Adobe (ADBE),2024-08-31,574.41
Adobe (ADBE),2024-09-30,517.78
Adobe (ADBE),2024-10-31,478.08
Adobe (ADBE),2024-11-30,515.93
Adobe (ADBE),2024-12-31,445.8
Intel (INTC),2018-01-31,40.41
Intel (INTC),2018-02-28,41.66
Intel (INTC),2018-03-31,44.02
Intel (INTC),2018-04-30,43.63
Intel (INTC),2018-05-31,46.92
Intel (INTC),2018-06-30,42.26
Intel (INTC),2018-07-31,40.89
Intel (INTC),2018-08-31,41.42
Intel (INTC),2018-09-30,40.44
Intel (INTC),2018-10-31,40.09
Intel (INTC),2018-11-30,42.44
Intel (INTC),2018-12-31,40.39
Intel (INTC),2019-01-31,40.55
Intel (INTC),2019-02-28,45.87
Intel (INTC),2019-03-31,46.51
Intel (INTC),2019-04-30,44.2
Intel (INTC),2019-05-31,38.38
Intel (INTC),2019-06-30,41.71
Intel (INTC),2019-07-31,44.05
Intel (INTC),2019-08-31,41.59
Intel (INTC),2019-09-30,45.21
Intel (INTC),2019-10-31,49.59
Intel (INTC),2019-11-30,51.21
Intel (INTC),2019-12-31,52.79
Intel (INTC),2020-01-31,56.39
Intel (INTC),2020-02-29,49.21
Intel (INTC),2020-03-31,47.97
Intel (INTC),2020-04-30,53.17
Intel (INTC),2020-05-31,56.1
Intel (INTC),2020-06-30,53.34
Intel (INTC),2020-07-31,42.55
Intel (INTC),2020-08-31,45.73
Intel (INTC),2020-09-30,46.47
Intel (INTC),2020-10-31,39.74
Intel (INTC),2020-11-30,43.71
Intel (INTC),2020-12-31,45.04
Intel (INTC),2021-01-31,50.18
Intel (INTC),2021-02-28,55.28
Intel (INTC),2021-03-31,58.21
Intel (INTC),2021-04-30,52.32
Intel (INTC),2021-05-31,52.27
Intel (INTC),2021-06-30,51.37
Intel (INTC),2021-07-31,49.16
Intel (INTC),2021-08-31,49.79
Intel (INTC),2021-09-30,49.07
Intel (INTC),2021-10-31,45.13
Intel (INTC),2021-11-30,45.63
Intel (INTC),2021-12-31,47.76
Intel (INTC),2022-01-31,45.28
Intel (INTC),2022-02-28,44.58
Intel (INTC),2022-03-31,46.32
Intel (INTC),2022-04-30,40.74
Intel (INTC),2022-05-31,41.84
Intel (INTC),2022-06-30,35.24
Intel (INTC),2022-07-31,34.2
Intel (INTC),2022-08-31,30.37
Intel (INTC),2022-09-30,24.52
Intel (INTC),2022-10-31,27.05
Intel (INTC),2022-11-30,29.0
Intel (INTC),2022-12-31,25.49
Intel (INTC),2023-01-31,27.25
Intel (INTC),2023-02-28,24.33
Intel (INTC),2023-03-31,31.89
Intel (INTC),2023-04-30,30.32
Intel (INTC),2023-05-31,30.81
Intel (INTC),2023-06-30,32.77
Intel (INTC),2023-07-31,35.06
Intel (INTC),2023-08-31,34.56
Intel (INTC),2023-09-30,34.97
Intel (INTC),2023-10-31,35.9
Intel (INTC),2023-11-30,44.11
Intel (INTC),2023-12-31,49.59
Intel (INTC),2024-01-31,42.51
Intel (INTC),2024-02-29,42.61
Intel (INTC),2024-03-31,43.71
Intel (INTC),2024-04-30,30.16
Intel (INTC),2024-05-31,30.66
Intel (INTC),2024-06-30,30.77
Intel (INTC),2024-07-31,30.55
Intel (INTC),2024-08-31,22.04
Intel (INTC),2024-09-30,23.46
Intel (INTC),2024-10-31,21.52
Intel (INTC),2024-11-30,24.05
Intel (INTC),2024-12-31,19.82
Cisco (CSCO),2018-01-31,32.95
Cisco (CSCO),2018-02-28,35.52
Cisco (CSCO),2018-03-31,34.02
Cisco (CSCO),2018-04-30,35.41
Cisco (CSCO),2018-05-31,34.15
Cisco (CSCO),2018-06-30,34.41
Cisco (CSCO),2018-07-31,34.08
Cisco (CSCO),2018-08-31,38.49
Cisco (CSCO),2018-09-30,39.2
Cisco (CSCO),2018-10-31,37.12
Cisco (CSCO),2018-11-30,38.84
Cisco (CSCO),2018-12-31,35.15
Cisco (CSCO),2019-01-31,38.66
Cisco (CSCO),2019-02-28,42.33
Cisco (CSCO),2019-03-31,44.14
Cisco (CSCO),2019-04-30,46.03
Cisco (CSCO),2019-05-31,42.81
Cisco (CSCO),2019-06-30,45.03
Cisco (CSCO),2019-07-31,45.87
Cisco (CSCO),2019-08-31,38.76
Cisco (CSCO),2019-09-30,40.91
Cisco (CSCO),2019-10-31,39.63
Cisco (CSCO),2019-11-30,37.8
Cisco (CSCO),2019-12-31,40.01
Cisco (CSCO),2020-01-31,38.63
Cisco (CSCO),2020-02-29,33.55
Cisco (CSCO),2020-03-31,33.03
Cisco (CSCO),2020-04-30,35.95
Cisco (CSCO),2020-05-31,40.57
Cisco (CSCO),2020-06-30,39.56
Cisco (CSCO),2020-07-31,40.27
Cisco (CSCO),2020-08-31,36.1
Cisco (CSCO),2020-09-30,33.68
Cisco (CSCO),2020-10-31,30.98
Cisco (CSCO),2020-11-30,37.12
Cisco (CSCO),2020-12-31,38.61
Cisco (CSCO),2021-01-31,38.78
Cisco (CSCO),2021-02-28,39.03
Cisco (CSCO),2021-03-31,44.98
Cisco (CSCO),2021-04-30,44.6
Cisco (CSCO),2021-05-31,46.35
Cisco (CSCO),2021-06-30,46.43
Cisco (CSCO),2021-07-31,48.85
Cisco (CSCO),2021-08-31,52.07
Cisco (CSCO),2021-09-30,48.02
Cisco (CSCO),2021-10-31,49.71
Cisco (CSCO),2021-11-30,48.71
Cisco (CSCO),2021-12-31,56.28
Cisco (CSCO),2022-01-31,49.74
Cisco (CSCO),2022-02-28,49.83
Cisco (CSCO),2022-03-31,49.82
Cisco (CSCO),2022-04-30,44.06
Cisco (CSCO),2022-05-31,40.52
Cisco (CSCO),2022-06-30,38.36
Cisco (CSCO),2022-07-31,41.18
Cisco (CSCO),2022-08-31,40.59
Cisco (CSCO),2022-09-30,36.3
Cisco (CSCO),2022-10-31,41.62
Cisco (CSCO),2022-11-30,45.55
Cisco (CSCO),2022-12-31,43.64
Cisco (CSCO),2023-01-31,44.94
Cisco (CSCO),2023-02-28,44.71
Cisco (CSCO),2023-03-31,48.27
Cisco (CSCO),2023-04-30,43.96
Cisco (CSCO),2023-05-31,46.21
Cisco (CSCO),2023-06-30,48.13
Cisco (CSCO),2023-07-31,48.78
Cisco (CSCO),2023-08-31,53.76
Cisco (CSCO),2023-09-30,50.39
Cisco (CSCO),2023-10-31,49.22
Cisco (CSCO),2023-11-30,45.68
Cisco (CSCO),2023-12-31,47.7
Cisco (CSCO),2024-01-31,47.75
Cisco (CSCO),2024-02-29,46.02
Cisco (CSCO),2024-03-31,47.49
Cisco (CSCO),2024-04-30,45.07
Cisco (CSCO),2024-05-31,44.61
Cisco (CSCO),2024-06-30,45.57
Cisco (CSCO),2024-07-31,46.87
Cisco (CSCO),2024-08-31,48.9
Cisco (CSCO),2024-09-30,51.49
Cisco (CSCO),2024-10-31,53.39
Cisco (CSCO),2024-11-30,57.72
Cisco (CSCO),2024-12-31,57.7
Oracle (ORCL),2018-01-31,45.94
Oracle (ORCL),2018-02-28,45.12
Oracle (ORCL),2018-03-31,40.74
Oracle (ORCL),2018-04-30,40.83
Oracle (ORCL),2018-05-31,41.77
Oracle (ORCL),2018-06-30,39.4
Oracle (ORCL),2018-07-31,42.8
Oracle (ORCL),2018-08-31,43.61
Oracle (ORCL),2018-09-30,46.28
Oracle (ORCL),2018-10-31,44.02
Oracle (ORCL),2018-11-30,43.94
Oracle (ORCL),2018-12-31,40.69
Oracle (ORCL),2019-01-31,45.45
Oracle (ORCL),2019-02-28,47.17
Oracle (ORCL),2019-03-31,48.6
Oracle (ORCL),2019-04-30,50.29
Oracle (ORCL),2019-05-31,45.99
Oracle (ORCL),2019-06-30,51.78
Oracle (ORCL),2019-07-31,51.38
Oracle (ORCL),2019-08-31,47.51
Oracle (ORCL),2019-09-30,50.22
Oracle (ORCL),2019-10-31,49.95
Oracle (ORCL),2019-11-30,51.46
Oracle (ORCL),2019-12-31,48.56
Oracle (ORCL),2020-01-31,48.29
Oracle (ORCL),2020-02-29,45.54
Oracle (ORCL),2020-03-31,44.5
Oracle (ORCL),2020-04-30,49.0
Oracle (ORCL),2020-05-31,49.74
Oracle (ORCL),2020-06-30,51.13
Oracle (ORCL),2020-07-31,51.51
Oracle (ORCL),2020-08-31,53.16
Oracle (ORCL),2020-09-30,55.46
Oracle (ORCL),2020-10-31,52.34
Oracle (ORCL),2020-11-30,53.84
Oracle (ORCL),2020-12-31,60.34
Oracle (ORCL),2021-01-31,56.58
Oracle (ORCL),2021-02-28,60.4
Oracle (ORCL),2021-03-31,65.7
Oracle (ORCL),2021-04-30,71.27
Oracle (ORCL),2021-05-31,74.04
Oracle (ORCL),2021-06-30,73.2
Oracle (ORCL),2021-07-31,82.25
Oracle (ORCL),2021-08-31,84.12
Oracle (ORCL),2021-09-30,82.24
Oracle (ORCL),2021-10-31,90.87
Oracle (ORCL),2021-11-30,85.94
Oracle (ORCL),2021-12-31,82.6
Oracle (ORCL),2022-01-31,77.15
Oracle (ORCL),2022-02-28,72.22
Oracle (ORCL),2022-03-31,78.65
Oracle (ORCL),2022-04-30,70.05
Oracle (ORCL),2022-05-31,68.64
Oracle (ORCL),2022-06-30,66.68
Oracle (ORCL),2022-07-31,74.62
Oracle (ORCL),2022-08-31,71.08
Oracle (ORCL),2022-09-30,58.54
Oracle (ORCL),2022-10-31,75.22
Oracle (ORCL),2022-11-30,80.0
Oracle (ORCL),2022-12-31,78.76
Oracle (ORCL),2023-01-31,85.56
Oracle (ORCL),2023-02-28,84.53
Oracle (ORCL),2023-03-31,89.87
Oracle (ORCL),2023-04-30,91.99
Oracle (ORCL),2023-05-31,102.89
Oracle (ORCL),2023-06-30,115.66
Oracle (ORCL),2023-07-31,114.26
Oracle (ORCL),2023-08-31,117.33
Oracle (ORCL),2023-09-30,103.23
Oracle (ORCL),2023-10-31,101.14
Oracle (ORCL),2023-11-30,113.68
Oracle (ORCL),2023-12-31,103.13
Oracle (ORCL),2024-01-31,109.69
Oracle (ORCL),2024-02-29,109.67
Oracle (ORCL),2024-03-31,123.35
Oracle (ORCL),2024-04-30,112.06
Oracle (ORCL),2024-05-31,115.45
Oracle (ORCL),2024-06-30,139.1
Oracle (ORCL),2024-07-31,137.77
Oracle (ORCL),2024-08-31,139.58
Oracle (ORCL),2024-09-30,168.34
Oracle (ORCL),2024-10-31,166.19
Oracle (ORCL),2024-11-30,183.02
Oracle (ORCL),2024-12-31,165.27
ServiceNow (NOW),2018-01-31,148.87
ServiceNow (NOW),2018-02-28,161.01
ServiceNow (NOW),2018-03-31,165.45
ServiceNow (NOW),2018-04-30,166.14
ServiceNow (NOW),2018-05-31,177.61
ServiceNow (NOW),2018-06-30,172.47
ServiceNow (NOW),2018-07-31,175.96
ServiceNow (NOW),2018-08-31,196.36
ServiceNow (NOW),2018-09-30,195.63
ServiceNow (NOW),2018-10-31,181.04
ServiceNow (NOW),2018-11-30,185.27
ServiceNow (NOW),2018-12-31,178.05
ServiceNow (NOW),2019-01-31,220.02
ServiceNow (NOW),2019-02-28,239.44
ServiceNow (NOW),2019-03-31,246.49
ServiceNow (NOW),2019-04-30,271.51
ServiceNow (NOW),2019-05-31,261.93
ServiceNow (NOW),2019-06-30,274.57
ServiceNow (NOW),2019-07-31,277.39
ServiceNow (NOW),2019-08-31,261.84
ServiceNow (NOW),2019-09-30,253.85
ServiceNow (NOW),2019-10-31,247.26
ServiceNow (NOW),2019-11-30,283.04
ServiceNow (NOW),2019-12-31,282.32
ServiceNow (NOW),2020-01-31,338.23
ServiceNow (NOW),2020-02-29,326.09
ServiceNow (NOW),2020-03-31,286.58
ServiceNow (NOW),2020-04-30,351.54
ServiceNow (NOW),2020-05-31,387.93
ServiceNow (NOW),2020-06-30,405.06
ServiceNow (NOW),2020-07-31,439.2
ServiceNow (NOW),2020-08-31,482.02
ServiceNow (NOW),2020-09-30,485.0
ServiceNow (NOW),2020-10-31,497.57
ServiceNow (NOW),2020-11-30,534.55
ServiceNow (NOW),2020-12-31,550.43
ServiceNow (NOW),2021-01-31,543.16
ServiceNow (NOW),2021-02-28,533.46
ServiceNow (NOW),2021-03-31,500.11
ServiceNow (NOW),2021-04-30,506.37
ServiceNow (NOW),2021-05-31,473.88
ServiceNow (NOW),2021-06-30,549.55
ServiceNow (NOW),2021-07-31,587.89
ServiceNow (NOW),2021-08-31,643.64
ServiceNow (NOW),2021-09-30,622.27
ServiceNow (NOW),2021-10-31,697.76
ServiceNow (NOW),2021-11-30,647.7
ServiceNow (NOW),2021-12-31,649.11
ServiceNow (NOW),2022-01-31,585.78
ServiceNow (NOW),2022-02-28,579.92
ServiceNow (NOW),2022-03-31,556.89
ServiceNow (NOW),2022-04-30,478.1
ServiceNow (NOW),2022-05-31,467.47
ServiceNow (NOW),2022-06-30,475.52
ServiceNow (NOW),2022-07-31,446.66
ServiceNow (NOW),2022-08-31,434.62
ServiceNow (NOW),2022-09-30,377.61
ServiceNow (NOW),2022-10-31,420.74
ServiceNow (NOW),2022-11-30,416.3
ServiceNow (NOW),2022-12-31,388.27
ServiceNow (NOW),2023-01-31,455.13
ServiceNow (NOW),2023-02-28,432.17
ServiceNow (NOW),2023-03-31,464.72
ServiceNow (NOW),2023-04-30,459.42
ServiceNow (NOW),2023-05-31,544.78
ServiceNow (NOW),2023-06-30,561.97
ServiceNow (NOW),2023-07-31,583.0
ServiceNow (NOW),2023-08-31,588.83
ServiceNow (NOW),2023-09-30,558.96
ServiceNow (NOW),2023-10-31,581.85
ServiceNow (NOW),2023-11-30,685.74
ServiceNow (NOW),2023-12-31,706.49
ServiceNow (NOW),2024-01-31,765.4
ServiceNow (NOW),2024-02-29,771.34
ServiceNow (NOW),2024-03-31,762.4
ServiceNow (NOW),2024-04-30,693.33
ServiceNow (NOW),2024-05-31,656.93
ServiceNow (NOW),2024-06-30,786.67
ServiceNow (NOW),2024-07-31,814.39
ServiceNow (NOW),2024-08-31,855.0
ServiceNow (NOW),2024-09-30,894.39
ServiceNow (NOW),2024-10-31,932.99
ServiceNow (NOW),2024-11-30,1049.44
ServiceNow (NOW),2024-12-31,1067.7
Broadcom (AVGO),2018-01-31,19.67
Broadcom (AVGO),2018-02-28,19.54
Broadcom (AVGO),2018-03-31,18.96
Broadcom (AVGO),2018-04-30,18.46
Broadcom (AVGO),2018-05-31,20.28
Broadcom (AVGO),2018-06-30,19.78
Broadcom (AVGO),2018-07-31,18.08
Broadcom (AVGO),2018-08-31,17.86
Broadcom (AVGO),2018-09-30,20.27
Broadcom (AVGO),2018-10-31,18.36
Broadcom (AVGO),2018-11-30,19.5
Broadcom (AVGO),2018-12-31,21.11
Broadcom (AVGO),2019-01-31,22.27
Broadcom (AVGO),2019-02-28,22.86
Broadcom (AVGO),2019-03-31,25.18
Broadcom (AVGO),2019-04-30,26.67
Broadcom (AVGO),2019-05-31,21.07
Broadcom (AVGO),2019-06-30,24.34
Broadcom (AVGO),2019-07-31,24.52
Broadcom (AVGO),2019-08-31,23.9
Broadcom (AVGO),2019-09-30,23.56
Broadcom (AVGO),2019-10-31,24.99
Broadcom (AVGO),2019-11-30,26.98
Broadcom (AVGO),2019-12-31,27.24
Broadcom (AVGO),2020-01-31,26.3
Broadcom (AVGO),2020-02-29,23.5
Broadcom (AVGO),2020-03-31,20.78
Broadcom (AVGO),2020-04-30,23.81
Broadcom (AVGO),2020-05-31,25.53
Broadcom (AVGO),2020-06-30,27.95
Broadcom (AVGO),2020-07-31,28.05
Broadcom (AVGO),2020-08-31,30.74
Broadcom (AVGO),2020-09-30,32.56
Broadcom (AVGO),2020-10-31,31.25
Broadcom (AVGO),2020-11-30,35.89
Broadcom (AVGO),2020-12-31,39.46
Broadcom (AVGO),2021-01-31,40.6
Broadcom (AVGO),2021-02-28,42.35
Broadcom (AVGO),2021-03-31,42.12
Broadcom (AVGO),2021-04-30,41.44
Broadcom (AVGO),2021-05-31,42.91
Broadcom (AVGO),2021-06-30,43.65
Broadcom (AVGO),2021-07-31,44.44
Broadcom (AVGO),2021-08-31,45.52
Broadcom (AVGO),2021-09-30,44.72
Broadcom (AVGO),2021-10-31,49.03
Broadcom (AVGO),2021-11-30,51.06
Broadcom (AVGO),2021-12-31,61.76
Broadcom (AVGO),2022-01-31,54.38
Broadcom (AVGO),2022-02-28,54.52
Broadcom (AVGO),2022-03-31,58.84
Broadcom (AVGO),2022-04-30,51.8
Broadcom (AVGO),2022-05-31,54.21
Broadcom (AVGO),2022-06-30,45.77
Broadcom (AVGO),2022-07-31,50.45
Broadcom (AVGO),2022-08-31,47.02
Broadcom (AVGO),2022-09-30,42.18
Broadcom (AVGO),2022-10-31,44.66
Broadcom (AVGO),2022-11-30,52.35
Broadcom (AVGO),2022-12-31,53.56
Broadcom (AVGO),2023-01-31,56.04
Broadcom (AVGO),2023-02-28,56.93
Broadcom (AVGO),2023-03-31,61.9
Broadcom (AVGO),2023-04-30,60.45
Broadcom (AVGO),2023-05-31,77.95
Broadcom (AVGO),2023-06-30,84.14
Broadcom (AVGO),2023-07-31,87.17
Broadcom (AVGO),2023-08-31,89.52
Broadcom (AVGO),2023-09-30,81.0
Broadcom (AVGO),2023-10-31,82.06
Broadcom (AVGO),2023-11-30,90.28
Broadcom (AVGO),2023-12-31,109.36
Broadcom (AVGO),2024-01-31,115.61
Broadcom (AVGO),2024-02-29,127.41
Broadcom (AVGO),2024-03-31,130.41
Broadcom (AVGO),2024-04-30,127.94
Broadcom (AVGO),2024-05-31,130.72
Broadcom (AVGO),2024-06-30,158.47
Broadcom (AVGO),2024-07-31,158.6
Broadcom (AVGO),2024-08-31,160.71
Broadcom (AVGO),2024-09-30,170.82
Broadcom (AVGO),2024-10-31,168.12
Broadcom (AVGO),2024-11-30,160.51
Broadcom (AVGO),2024-12-31,233.92
SAP (SAP),2018-01-31,99.82
SAP (SAP),2018-02-28,92.11
SAP (SAP),2018-03-31,92.69
SAP (SAP),2018-04-30,97.69
SAP (SAP),2018-05-31,100.93
SAP (SAP),2018-06-30,103.5
SAP (SAP),2018-07-31,103.84
SAP (SAP),2018-08-31,107.15
SAP (SAP),2018-09-30,110.07
SAP (SAP),2018-10-31,95.99
SAP (SAP),2018-11-30,92.78
SAP (SAP),2018-12-31,89.09
SAP (SAP),2019-01-31,92.55
SAP (SAP),2019-02-28,95.87
SAP (SAP),2019-03-31,103.32
SAP (SAP),2019-04-30,115.32
SAP (SAP),2019-05-31,111.64
SAP (SAP),2019-06-30,124.09
SAP (SAP),2019-07-31,111.6
SAP (SAP),2019-08-31,108.08
SAP (SAP),2019-09-30,106.92
SAP (SAP),2019-10-31,120.26
SAP (SAP),2019-11-30,123.32
SAP (SAP),2019-12-31,121.54
SAP (SAP),2020-01-31,118.62
SAP (SAP),2020-02-29,112.09
SAP (SAP),2020-03-31,100.23
SAP (SAP),2020-04-30,107.53
SAP (SAP),2020-05-31,117.87
SAP (SAP),2020-06-30,128.82
SAP (SAP),2020-07-31,146.51
SAP (SAP),2020-08-31,152.21
SAP (SAP),2020-09-30,143.37
SAP (SAP),2020-10-31,98.3
SAP (SAP),2020-11-30,111.49
SAP (SAP),2020-12-31,119.98
SAP (SAP),2021-01-31,116.13
SAP (SAP),2021-02-28,113.5
SAP (SAP),2021-03-31,112.99
SAP (SAP),2021-04-30,128.77
SAP (SAP),2021-05-31,130.87
SAP (SAP),2021-06-30,131.37
SAP (SAP),2021-07-31,134.42
SAP (SAP),2021-08-31,140.42
SAP (SAP),2021-09-30,126.3
SAP (SAP),2021-10-31,135.41
SAP (SAP),2021-11-30,120.13
SAP (SAP),2021-12-31,131.04
SAP (SAP),2022-01-31,117.11
SAP (SAP),2022-02-28,105.29
SAP (SAP),2022-03-31,103.78
SAP (SAP),2022-04-30,94.28
SAP (SAP),2022-05-31,96.12
SAP (SAP),2022-06-30,87.34
SAP (SAP),2022-07-31,89.74
SAP (SAP),2022-08-31,82.05
SAP (SAP),2022-09-30,78.22
SAP (SAP),2022-10-31,92.48
SAP (SAP),2022-11-30,106.74
SAP (SAP),2022-12-31,99.35
SAP (SAP),2023-01-31,114.12
SAP (SAP),2023-02-28,109.58
SAP (SAP),2023-03-31,121.84
SAP (SAP),2023-04-30,130.23
SAP (SAP),2023-05-31,127.67
SAP (SAP),2023-06-30,133.9
SAP (SAP),2023-07-31,133.45
SAP (SAP),2023-08-31,136.72
SAP (SAP),2023-09-30,126.57
SAP (SAP),2023-10-31,131.15
SAP (SAP),2023-11-30,155.74
SAP (SAP),2023-12-31,151.31
SAP (SAP),2024-01-31,169.42
SAP (SAP),2024-02-29,183.88
SAP (SAP),2024-03-31,190.89
SAP (SAP),2024-04-30,177.36
SAP (SAP),2024-05-31,180.81
SAP (SAP),2024-06-30,199.9
SAP (SAP),2024-07-31,209.7
SAP (SAP),2024-08-31,217.74
SAP (SAP),2024-09-30,227.05
SAP (SAP),2024-10-31,231.55
SAP (SAP),2024-11-30,235.47
SAP (SAP),2024-12-31,246.6
Infosys (INFY),2018-01-31,7.34
Infosys (INFY),2018-02-28,7.19
Infosys (INFY),2018-03-31,7.27
Infosys (INFY),2018-04-30,7.2
Infosys (INFY),2018-05-31,7.41
Infosys (INFY),2018-06-30,8.12
Infosys (INFY),2018-07-31,8.43
Infosys (INFY),2018-08-31,8.68
Infosys (INFY),2018-09-30,8.5
Infosys (INFY),2018-10-31,8.0
Infosys (INFY),2018-11-30,8.33
Infosys (INFY),2018-12-31,8.04
Infosys (INFY),2019-01-31,9.17
Infosys (INFY),2019-02-28,9.1
Infosys (INFY),2019-03-31,9.28
Infosys (INFY),2019-04-30,9.13
Infosys (INFY),2019-05-31,8.89
Infosys (INFY),2019-06-30,9.21
Infosys (INFY),2019-07-31,9.75
Infosys (INFY),2019-08-31,9.89
Infosys (INFY),2019-09-30,9.79
Infosys (INFY),2019-10-31,8.36
Infosys (INFY),2019-11-30,8.57
Infosys (INFY),2019-12-31,8.99
Infosys (INFY),2020-01-31,9.55
Infosys (INFY),2020-02-29,8.78
Infosys (INFY),2020-03-31,7.15
Infosys (INFY),2020-04-30,8.04
Infosys (INFY),2020-05-31,8.04
Infosys (INFY),2020-06-30,8.54
Infosys (INFY),2020-07-31,11.36
Infosys (INFY),2020-08-31,11.13
Infosys (INFY),2020-09-30,12.2
Infosys (INFY),2020-10-31,12.75
Infosys (INFY),2020-11-30,13.6
Infosys (INFY),2020-12-31,15.14
Infosys (INFY),2021-01-31,15.08
Infosys (INFY),2021-02-28,15.29
Infosys (INFY),2021-03-31,16.72
Infosys (INFY),2021-04-30,16.15
Infosys (INFY),2021-05-31,17.46
Infosys (INFY),2021-06-30,19.13
Infosys (INFY),2021-07-31,19.96
Infosys (INFY),2021-08-31,21.5
Infosys (INFY),2021-09-30,20.08
Infosys (INFY),2021-10-31,20.29
Infosys (INFY),2021-11-30,20.56
Infosys (INFY),2021-12-31,23.04
Infosys (INFY),2022-01-31,21.46
Infosys (INFY),2022-02-28,20.45
Infosys (INFY),2022-03-31,22.66
Infosys (INFY),2022-04-30,18.09
Infosys (INFY),2022-05-31,17.36
Infosys (INFY),2022-06-30,17.04
Infosys (INFY),2022-07-31,17.94
Infosys (INFY),2022-08-31,16.85
Infosys (INFY),2022-09-30,15.62
Infosys (INFY),2022-10-31,17.43
Infosys (INFY),2022-11-30,18.94
Infosys (INFY),2022-12-31,16.76
Infosys (INFY),2023-01-31,17.5
Infosys (INFY),2023-02-28,16.7
Infosys (INFY),2023-03-31,16.23
Infosys (INFY),2023-04-30,14.46
Infosys (INFY),2023-05-31,14.85
Infosys (INFY),2023-06-30,15.16
Infosys (INFY),2023-07-31,15.71
Infosys (INFY),2023-08-31,16.38
Infosys (INFY),2023-09-30,16.14
Infosys (INFY),2023-10-31,15.69
Infosys (INFY),2023-11-30,16.77
Infosys (INFY),2023-12-31,17.56
Infosys (INFY),2024-01-31,18.98
Infosys (INFY),2024-02-29,19.07
Infosys (INFY),2024-03-31,17.13
Infosys (INFY),2024-04-30,15.97
Infosys (INFY),2024-05-31,16.33
Infosys (INFY),2024-06-30,18.15
Infosys (INFY),2024-07-31,21.57
Infosys (INFY),2024-08-31,22.7
Infosys (INFY),2024-09-30,21.71
Infosys (INFY),2024-10-31,20.62
Infosys (INFY),2024-11-30,21.76
Infosys (INFY),2024-12-31,21.79
Spotify (SPOT),2018-04-30,161.67
Spotify (SPOT),2018-05-31,157.71
Spotify (SPOT),2018-06-30,168.24
Spotify (SPOT),2018-07-31,182.83
Spotify (SPOT),2018-08-31,189.52
Spotify (SPOT),2018-09-30,180.83
Spotify (SPOT),2018-10-31,149.69
Spotify (SPOT),2018-11-30,136.38
Spotify (SPOT),2018-12-31,113.5
Spotify (SPOT),2019-01-31,135.45
Spotify (SPOT),2019-02-28,140.14
Spotify (SPOT),2019-03-31,138.8
Spotify (SPOT),2019-04-30,135.77
Spotify (SPOT),2019-05-31,125.58
Spotify (SPOT),2019-06-30,146.22
Spotify (SPOT),2019-07-31,154.94
Spotify (SPOT),2019-08-31,134.95
Spotify (SPOT),2019-09-30,114.0
Spotify (SPOT),2019-10-31,144.3
Spotify (SPOT),2019-11-30,142.55
Spotify (SPOT),2019-12-31,149.55
Spotify (SPOT),2020-01-31,141.3
Spotify (SPOT),2020-02-29,137.12
Spotify (SPOT),2020-03-31,121.44
Spotify (SPOT),2020-04-30,151.57
Spotify (SPOT),2020-05-31,180.93
Spotify (SPOT),2020-06-30,258.19
Spotify (SPOT),2020-07-31,257.82
Spotify (SPOT),2020-08-31,282.16
Spotify (SPOT),2020-09-30,242.57
Spotify (SPOT),2020-10-31,239.89
Spotify (SPOT),2020-11-30,291.37
Spotify (SPOT),2020-12-31,314.66
Spotify (SPOT),2021-01-31,315.0
Spotify (SPOT),2021-02-28,307.38
Spotify (SPOT),2021-03-31,267.95
Spotify (SPOT),2021-04-30,252.12
Spotify (SPOT),2021-05-31,241.57
Spotify (SPOT),2021-06-30,275.59
Spotify (SPOT),2021-07-31,228.67
Spotify (SPOT),2021-08-31,234.34
Spotify (SPOT),2021-09-30,225.34
Spotify (SPOT),2021-10-31,289.4
Spotify (SPOT),2021-11-30,238.5
Spotify (SPOT),2021-12-31,234.03
Spotify (SPOT),2022-01-31,196.26
Spotify (SPOT),2022-02-28,156.19
Spotify (SPOT),2022-03-31,151.02
Spotify (SPOT),2022-04-30,101.65
Spotify (SPOT),2022-05-31,112.77
Spotify (SPOT),2022-06-30,93.83
Spotify (SPOT),2022-07-31,113.02
Spotify (SPOT),2022-08-31,108.15
Spotify (SPOT),2022-09-30,86.3
Spotify (SPOT),2022-10-31,80.58
Spotify (SPOT),2022-11-30,79.42
Spotify (SPOT),2022-12-31,78.95
Spotify (SPOT),2023-01-31,112.72
Spotify (SPOT),2023-02-28,116.3
Spotify (SPOT),2023-03-31,133.62
Spotify (SPOT),2023-04-30,133.6
Spotify (SPOT),2023-05-31,148.9
Spotify (SPOT),2023-06-30,160.55
Spotify (SPOT),2023-07-31,149.41
Spotify (SPOT),2023-08-31,153.97
Spotify (SPOT),2023-09-30,154.64
Spotify (SPOT),2023-10-31,164.76
Spotify (SPOT),2023-11-30,185.11
Spotify (SPOT),2023-12-31,187.91
Spotify (SPOT),2024-01-31,215.35
Spotify (SPOT),2024-02-29,256.41
Spotify (SPOT),2024-03-31,263.9
Spotify (SPOT),2024-04-30,280.44
Spotify (SPOT),2024-05-31,296.78
Spotify (SPOT),2024-06-30,313.79
Spotify (SPOT),2024-07-31,343.94
Spotify (SPOT),2024-08-31,342.88
Spotify (SPOT),2024-09-30,368.53
Spotify (SPOT),2024-10-31,385.1
Spotify (SPOT),2024-11-30,476.96
Spotify (SPOT),2024-12-31,451.79
Workday (WDAY),2018-01-31,119.89
Workday (WDAY),2018-02-28,126.67
Workday (WDAY),2018-03-31,127.11
Workday (WDAY),2018-04-30,124.84
Workday (WDAY),2018-05-31,130.96
Workday (WDAY),2018-06-30,121.12
Workday (WDAY),2018-07-31,124.02
Workday (WDAY),2018-08-31,154.54
Workday (WDAY),2018-09-30,145.98
Workday (WDAY),2018-10-31,133.02
Workday (WDAY),2018-11-30,164.0
Workday (WDAY),2018-12-31,159.68
Workday (WDAY),2019-01-31,181.53
Workday (WDAY),2019-02-28,197.93
Workday (WDAY),2019-03-31,192.85
Workday (WDAY),2019-04-30,205.63
Workday (WDAY),2019-05-31,204.12
Workday (WDAY),2019-06-30,205.58
Workday (WDAY),2019-07-31,199.98
Workday (WDAY),2019-08-31,177.28
Workday (WDAY),2019-09-30,169.96
Workday (WDAY),2019-10-31,162.16
Workday (WDAY),2019-11-30,179.12
Workday (WDAY),2019-12-31,164.45
Workday (WDAY),2020-01-31,184.63
Workday (WDAY),2020-02-29,173.25
Workday (WDAY),2020-03-31,130.22
Workday (WDAY),2020-04-30,153.9
Workday (WDAY),2020-05-31,183.43
Workday (WDAY),2020-06-30,187.36
Workday (WDAY),2020-07-31,180.92
Workday (WDAY),2020-08-31,239.71
Workday (WDAY),2020-09-30,215.13
Workday (WDAY),2020-10-31,210.12
Workday (WDAY),2020-11-30,224.79
Workday (WDAY),2020-12-31,239.61
Workday (WDAY),2021-01-31,227.53
Workday (WDAY),2021-02-28,245.18
Workday (WDAY),2021-03-31,248.43
Workday (WDAY),2021-04-30,247.0
Workday (WDAY),2021-05-31,228.72
Workday (WDAY),2021-06-30,238.74
Workday (WDAY),2021-07-31,234.4
Workday (WDAY),2021-08-31,273.16
Workday (WDAY),2021-09-30,249.89
Workday (WDAY),2021-10-31,289.98
Workday (WDAY),2021-11-30,274.23
Workday (WDAY),2021-12-31,273.18
Workday (WDAY),2022-01-31,253.01
Workday (WDAY),2022-02-28,229.05
Workday (WDAY),2022-03-31,239.46
Workday (WDAY),2022-04-30,206.7
Workday (WDAY),2022-05-31,156.3
Workday (WDAY),2022-06-30,139.58
Workday (WDAY),2022-07-31,155.1
Workday (WDAY),2022-08-31,164.56
Workday (WDAY),2022-09-30,152.22
Workday (WDAY),2022-10-31,155.82
Workday (WDAY),2022-11-30,167.9
Workday (WDAY),2022-12-31,167.33
Workday (WDAY),2023-01-31,181.43
Workday (WDAY),2023-02-28,185.47
Workday (WDAY),2023-03-31,206.54
Workday (WDAY),2023-04-30,186.14
Workday (WDAY),2023-05-31,211.99
Workday (WDAY),2023-06-30,225.89
Workday (WDAY),2023-07-31,237.13
Workday (WDAY),2023-08-31,244.5
Workday (WDAY),2023-09-30,214.85
Workday (WDAY),2023-10-31,211.71
Workday (WDAY),2023-11-30,270.72
Workday (WDAY),2023-12-31,276.06
Workday (WDAY),2024-01-31,291.07
Workday (WDAY),2024-02-29,294.66
Workday (WDAY),2024-03-31,272.75
Workday (WDAY),2024-04-30,244.73
Workday (WDAY),2024-05-31,211.45
Workday (WDAY),2024-06-30,223.56
Workday (WDAY),2024-07-31,227.12
Workday (WDAY),2024-08-31,263.19
Workday (WDAY),2024-09-30,244.41
Workday (WDAY),2024-10-31,233.85
Workday (WDAY),2024-11-30,249.99
Workday (WDAY),2024-12-31,262.0
Fortinet (FTNT),2018-01-31,9.21
Fortinet (FTNT),2018-02-28,10.09
Fortinet (FTNT),2018-03-31,10.72
Fortinet (FTNT),2018-04-30,11.07
Fortinet (FTNT),2018-05-31,12.24
Fortinet (FTNT),2018-06-30,12.49
Fortinet (FTNT),2018-07-31,12.58
Fortinet (FTNT),2018-08-31,16.75
Fortinet (FTNT),2018-09-30,18.45
Fortinet (FTNT),2018-10-31,16.44
Fortinet (FTNT),2018-11-30,14.77
Fortinet (FTNT),2018-12-31,14.09
Fortinet (FTNT),2019-01-31,15.31
Fortinet (FTNT),2019-02-28,17.36
Fortinet (FTNT),2019-03-31,16.79
Fortinet (FTNT),2019-04-30,18.68
Fortinet (FTNT),2019-05-31,14.5
Fortinet (FTNT),2019-06-30,15.37
Fortinet (FTNT),2019-07-31,16.06
Fortinet (FTNT),2019-08-31,15.84
Fortinet (FTNT),2019-09-30,15.35
Fortinet (FTNT),2019-10-31,16.31
Fortinet (FTNT),2019-11-30,21.02
Fortinet (FTNT),2019-12-31,21.35
Fortinet (FTNT),2020-01-31,23.07
Fortinet (FTNT),2020-02-29,20.41
Fortinet (FTNT),2020-03-31,20.23
Fortinet (FTNT),2020-04-30,21.55
Fortinet (FTNT),2020-05-31,27.84
Fortinet (FTNT),2020-06-30,27.45
Fortinet (FTNT),2020-07-31,27.66
Fortinet (FTNT),2020-08-31,26.4
Fortinet (FTNT),2020-09-30,23.56
Fortinet (FTNT),2020-10-31,22.07
Fortinet (FTNT),2020-11-30,24.65
Fortinet (FTNT),2020-12-31,29.71
Fortinet (FTNT),2021-01-31,28.95
Fortinet (FTNT),2021-02-28,33.77
Fortinet (FTNT),2021-03-31,36.88
Fortinet (FTNT),2021-04-30,40.85
Fortinet (FTNT),2021-05-31,43.71
Fortinet (FTNT),2021-06-30,47.64
Fortinet (FTNT),2021-07-31,54.45
Fortinet (FTNT),2021-08-31,63.03
Fortinet (FTNT),2021-09-30,58.41
Fortinet (FTNT),2021-10-31,67.27
Fortinet (FTNT),2021-11-30,66.42
Fortinet (FTNT),2021-12-31,71.88
Fortinet (FTNT),2022-01-31,59.45
Fortinet (FTNT),2022-02-28,68.9
Fortinet (FTNT),2022-03-31,68.35
Fortinet (FTNT),2022-04-30,57.8
Fortinet (FTNT),2022-05-31,58.83
Fortinet (FTNT),2022-06-30,56.58
Fortinet (FTNT),2022-07-31,59.65
Fortinet (FTNT),2022-08-31,48.69
Fortinet (FTNT),2022-09-30,49.13
Fortinet (FTNT),2022-10-31,57.16
Fortinet (FTNT),2022-11-30,53.16
Fortinet (FTNT),2022-12-31,48.89
Fortinet (FTNT),2023-01-31,52.34
Fortinet (FTNT),2023-02-28,59.44
Fortinet (FTNT),2023-03-31,66.46
Fortinet (FTNT),2023-04-30,63.05
Fortinet (FTNT),2023-05-31,68.33
Fortinet (FTNT),2023-06-30,75.59
Fortinet (FTNT),2023-07-31,77.72
Fortinet (FTNT),2023-08-31,60.21
Fortinet (FTNT),2023-09-30,58.68
Fortinet (FTNT),2023-10-31,57.17
Fortinet (FTNT),2023-11-30,52.56
Fortinet (FTNT),2023-12-31,58.53
Fortinet (FTNT),2024-01-31,64.49
Fortinet (FTNT),2024-02-29,69.11
Fortinet (FTNT),2024-03-31,68.31
Fortinet (FTNT),2024-04-30,63.18
Fortinet (FTNT),2024-05-31,59.32
Fortinet (FTNT),2024-06-30,60.27
Fortinet (FTNT),2024-07-31,58.04
Fortinet (FTNT),2024-08-31,76.71
Fortinet (FTNT),2024-09-30,77.55
Fortinet (FTNT),2024-10-31,78.66
Fortinet (FTNT),2024-11-30,95.05
Fortinet (FTNT),2024-12-31,95.13
Cloudflare (NET),2019-09-30,18.57
Cloudflare (NET),2019-10-31,16.84
Cloudflare (NET),2019-11-30,19.48
Cloudflare (NET),2019-12-31,17.06
Cloudflare (NET),2020-01-31,17.86
Cloudflare (NET),2020-02-29,21.3
Cloudflare (NET),2020-03-31,23.48
Cloudflare (NET),2020-04-30,23.56
Cloudflare (NET),2020-05-31,29.07
Cloudflare (NET),2020-06-30,35.95
Cloudflare (NET),2020-07-31,41.62
Cloudflare (NET),2020-08-31,38.26
Cloudflare (NET),2020-09-30,41.06
Cloudflare (NET),2020-10-31,51.97
Cloudflare (NET),2020-11-30,75.08
Cloudflare (NET),2020-12-31,75.99
Cloudflare (NET),2021-01-31,76.66
Cloudflare (NET),2021-02-28,73.97
Cloudflare (NET),2021-03-31,70.26
Cloudflare (NET),2021-04-30,84.74
Cloudflare (NET),2021-05-31,82.06
Cloudflare (NET),2021-06-30,105.84
Cloudflare (NET),2021-07-31,118.63
Cloudflare (NET),2021-08-31,120.74
Cloudflare (NET),2021-09-30,112.65
Cloudflare (NET),2021-10-31,194.72
Cloudflare (NET),2021-11-30,188.24
Cloudflare (NET),2021-12-31,131.5
Cloudflare (NET),2022-01-31,96.4
Cloudflare (NET),2022-02-28,116.42
Cloudflare (NET),2022-03-31,119.7
Cloudflare (NET),2022-04-30,86.14
Cloudflare (NET),2022-05-31,56.0
Cloudflare (NET),2022-06-30,43.75
Cloudflare (NET),2022-07-31,50.32
Cloudflare (NET),2022-08-31,62.57
Cloudflare (NET),2022-09-30,55.31
Cloudflare (NET),2022-10-31,56.32
Cloudflare (NET),2022-11-30,49.14
Cloudflare (NET),2022-12-31,45.21
Cloudflare (NET),2023-01-31,52.91
Cloudflare (NET),2023-02-28,60.01
Cloudflare (NET),2023-03-31,61.66
Cloudflare (NET),2023-04-30,47.05
Cloudflare (NET),2023-05-31,69.16
Cloudflare (NET),2023-06-30,65.37
Cloudflare (NET),2023-07-31,68.77
Cloudflare (NET),2023-08-31,65.03
Cloudflare (NET),2023-09-30,63.04
Cloudflare (NET),2023-10-31,56.69
Cloudflare (NET),2023-11-30,77.15
Cloudflare (NET),2023-12-31,83.26
Cloudflare (NET),2024-01-31,79.05
Cloudflare (NET),2024-02-29,98.54
Cloudflare (NET),2024-03-31,96.83
Cloudflare (NET),2024-04-30,87.4
Cloudflare (NET),2024-05-31,67.69
Cloudflare (NET),2024-06-30,82.83
Cloudflare (NET),2024-07-31,77.5
Cloudflare (NET),2024-08-31,82.14
Cloudflare (NET),2024-09-30,80.89
Cloudflare (NET),2024-10-31,87.71
Cloudflare (NET),2024-11-30,99.83
Cloudflare (NET),2024-12-31,109.03
Snowflake (SNOW),2020-09-30,251.0
Snowflake (SNOW),2020-10-31,250.02
Snowflake (SNOW),2020-11-30,325.84
Snowflake (SNOW),2020-12-31,281.4
Snowflake (SNOW),2021-01-31,272.45
Snowflake (SNOW),2021-02-28,259.54
Snowflake (SNOW),2021-03-31,229.28
Snowflake (SNOW),2021-04-30,231.59
Snowflake (SNOW),2021-05-31,238.03
Snowflake (SNOW),2021-06-30,241.8
Snowflake (SNOW),2021-07-31,265.72
Snowflake (SNOW),2021-08-31,304.35
Snowflake (SNOW),2021-09-30,302.43
Snowflake (SNOW),2021-10-31,353.84
Snowflake (SNOW),2021-11-30,340.15
Snowflake (SNOW),2021-12-31,338.75
Snowflake (SNOW),2022-01-31,275.9
Snowflake (SNOW),2022-02-28,265.66
Snowflake (SNOW),2022-03-31,229.13
Snowflake (SNOW),2022-04-30,171.44
Snowflake (SNOW),2022-05-31,127.65
Snowflake (SNOW),2022-06-30,139.06
Snowflake (SNOW),2022-07-31,149.91
Snowflake (SNOW),2022-08-31,180.95
Snowflake (SNOW),2022-09-30,169.96
Snowflake (SNOW),2022-10-31,160.3
Snowflake (SNOW),2022-11-30,142.9
Snowflake (SNOW),2022-12-31,143.54
Snowflake (SNOW),2023-01-31,156.44
Snowflake (SNOW),2023-02-28,154.38
Snowflake (SNOW),2023-03-31,154.29
Snowflake (SNOW),2023-04-30,148.08
Snowflake (SNOW),2023-05-31,165.36
Snowflake (SNOW),2023-06-30,175.98
Snowflake (SNOW),2023-07-31,177.71
Snowflake (SNOW),2023-08-31,156.85
Snowflake (SNOW),2023-09-30,152.77
Snowflake (SNOW),2023-10-31,145.13
Snowflake (SNOW),2023-11-30,187.68
Snowflake (SNOW),2023-12-31,199.0
Snowflake (SNOW),2024-01-31,195.64
Snowflake (SNOW),2024-02-29,188.28
Snowflake (SNOW),2024-03-31,161.6
Snowflake (SNOW),2024-04-30,155.2
Snowflake (SNOW),2024-05-31,136.18
Snowflake (SNOW),2024-06-30,135.09
Snowflake (SNOW),2024-07-31,130.38
Snowflake (SNOW),2024-08-31,114.23
Snowflake (SNOW),2024-09-30,114.86
Snowflake (SNOW),2024-10-31,114.82
Snowflake (SNOW),2024-11-30,174.8
Snowflake (SNOW),2024-12-31,154.97
